Start,Close
2025-01-14,96534.05
2025-01-13,94516.52
2025-01-12,94488.44
2025-01-11,94566.59
2025-01-10,94701.45
2025-01-09,92484.04
2025-01-08,95043.52
2025-01-07,96922.7
2025-01-06,102078.09
2025-01-05,98314.96
2025-01-04,98236.23
2025-01-03,98107.43
2025-01-02,96886.88
2025-01-01,94419.76
2024-12-31,93429.2
2024-12-30,92643.21
2024-12-29,93530.23
2024-12-28,95163.93
2024-12-27,94164.86
2024-12-26,95830.42
2024-12-25,99436.0
2024-12-24,98805.9
2024-12-23,94748.02
2024-12-22,95136.87
2024-12-21,97253.03
2024-12-20,97691.36
2024-12-19,97874.66
2024-12-18,100368.0
2024-12-17,106052.0
2024-12-16,106010.0
2024-12-15,104621.0
2024-12-14,101364.0
2024-12-13,101371.0
2024-12-12,100041.0
2024-12-11,101074.0
2024-12-10,96628.01
2024-12-09,97422.43
2024-12-08,101215.0
2024-12-07,99699.99
2024-12-06,99798.48
2024-12-05,97013.92
2024-12-04,98730.99
2024-12-03,95970.93
2024-12-02,95807.6
2024-12-01,97236.3
2024-11-30,96436.01
2024-11-29,97383.7
2024-11-28,95632.03
2024-11-27,95899.86
2024-11-26,91993.22
2024-11-25,93079.67
2024-11-24,97867.46
2024-11-23,97628.02
2024-11-22,98851.49
2024-11-21,98425.93
2024-11-20,94174.71
2024-11-19,92119.47
2024-11-18,90549.34
2024-11-17,89763.59
2024-11-16,90543.67
2024-11-15,90949.94
2024-11-14,87347.45
2024-11-13,90300.02
2024-11-12,88164.77
2024-11-11,88627.98
2024-11-10,80409.97
2024-11-09,76615.99
2024-11-08,76544.78
2024-11-07,75919.31
2024-11-06,75567.57
2024-11-05,69348.54
2024-11-04,67792.92
2024-11-03,68832.86
2024-11-02,69319.96
2024-11-01,69531.96
2024-10-31,70340.01
2024-10-30,72359.86
2024-10-29,72782.82
2024-10-28,69892.45
2024-10-27,68029.34
2024-10-26,67102.01
2024-10-25,66637.8
2024-10-24,68234.05
2024-10-23,66745.54
2024-10-22,67393.99
2024-10-21,67440.04
2024-10-20,68987.76
2024-10-19,68394.04
2024-10-18,68465.29
2024-10-17,67363.67
2024-10-16,67657.43
2024-10-15,66984.04
2024-10-14,66085.97
2024-10-13,62806.34
2024-10-12,63216.04
2024-10-11,62410.61
2024-10-10,60260.02
2024-10-09,60647.99
2024-10-08,62215.97
2024-10-07,62300.75
2024-10-06,62823.43
2024-10-05,62084.0
2024-10-04,62110.02
2024-10-03,60776.01
2024-10-02,60670.03
2024-10-01,60888.04
2024-09-30,63290.0
2024-09-29,65668.25
2024-09-28,65923.99
2024-09-27,65762.47
2024-09-26,65142.08
2024-09-25,63165.61
2024-09-24,64335.62
2024-09-23,63332.69
2024-09-22,63575.97
2024-09-21,63389.92
2024-09-20,63102.03
2024-09-19,62953.98
2024-09-18,61449.14
2024-09-17,60303.5
2024-09-16,58229.2
2024-09-15,59198.11
2024-09-14,59987.93
2024-09-13,60575.47
2024-09-12,58116.05
2024-09-11,57364.02
2024-09-10,57627.99
2024-09-09,57031.98
2024-09-08,54823.96
2024-09-07,54188.32
2024-09-06,53922.68
2024-09-05,56170.04
2024-09-04,57984.05
2024-09-03,57544.01
2024-09-02,59127.62
2024-09-01,57341.08
2024-08-31,58965.98
2024-08-30,59158.0
2024-08-29,59348.98
2024-08-28,59034.65
2024-08-27,59503.05
2024-08-26,62866.04
2024-08-25,64279.03
2024-08-24,64107.98
2024-08-23,63979.97
2024-08-22,60386.02
2024-08-21,61109.99
2024-08-20,59056.01
2024-08-19,59562.71
2024-08-18,58525.95
2024-08-17,59420.03
2024-08-16,58902.1
2024-08-15,57600.0
2024-08-14,58730.93
2024-08-13,60565.01
2024-08-12,59342.02
2024-08-11,58819.99
2024-08-10,60875.98
2024-08-09,60848.51
2024-08-08,61837.93
2024-08-07,55024.11
2024-08-06,55982.04
2024-08-05,54006.0
2024-08-04,58074.85
2024-08-03,60760.03
2024-08-02,61487.05
2024-08-01,65409.83
2024-07-31,64665.98
2024-07-30,66244.03
2024-07-29,66810.03
2024-07-28,68234.91
2024-07-27,68045.98
2024-07-26,67914.02
2024-07-25,65750.02
2024-07-24,65412.03
2024-07-23,65914.55
2024-07-22,67587.97
2024-07-21,68071.99
2024-07-20,67182.45
2024-07-19,66648.03
2024-07-18,63966.13
2024-07-17,64120.47
2024-07-16,65119.1
2024-07-15,64819.37
2024-07-14,60946.02
2024-07-13,59174.19
2024-07-12,57899.96
2024-07-11,57381.96
2024-07-10,57719.47
2024-07-09,57995.99
2024-07-08,56681.81
2024-07-07,55878.38
2024-07-06,58232.99
2024-07-05,56691.34
2024-07-04,57142.0
2024-07-03,60294.75
2024-07-02,62127.95
2024-07-01,62889.92
2024-06-30,62849.53
2024-06-29,60964.17
2024-06-28,60427.86
2024-06-27,61646.05
2024-06-26,60761.24
2024-06-25,61789.98
2024-06-24,60382.81
2024-06-23,63290.43
2024-06-22,64272.8
2024-06-21,64097.29
2024-06-20,64881.08
2024-06-19,64950.06
2024-06-18,65098.92
2024-06-17,66491.14
2024-06-16,66661.05
2024-06-15,66198.06
2024-06-14,66052.46
2024-06-13,66771.55
2024-06-12,68270.22
2024-06-11,67345.04
2024-06-10,69519.27
2024-06-09,69657.34
2024-06-08,69316.65
2024-06-07,69375.8
2024-06-06,70783.1
2024-06-05,71131.93
2024-06-04,70599.0
2024-06-03,68808.7
2024-06-02,67781.47
2024-06-01,67747.95
2024-05-31,67576.21
2024-05-30,68375.98
2024-05-29,67665.53
2024-05-28,68397.44
2024-05-27,69446.22
2024-05-26,68552.6
2024-05-25,69264.99
2024-05-24,68534.95
2024-05-23,67923.97
2024-05-22,69224.99
2024-05-21,70104.4
2024-05-20,71418.17
2024-05-19,66347.05
2024-05-18,66914.58
2024-05-17,67004.04
2024-05-16,65249.97
2024-05-15,66247.62
2024-05-14,61602.22
2024-05-13,62917.18
2024-05-12,61549.96
2024-05-11,60784.24
2024-05-10,60887.95
2024-05-09,63110.01
2024-05-08,61220.05
2024-05-07,62380.43
2024-05-06,63197.19
2024-05-05,64040.05
2024-05-04,63880.04
2024-05-03,62799.97
2024-05-02,59134.5
2024-05-01,58266.04
2024-04-30,60761.95
2024-04-29,63817.97
2024-04-28,63059.25
2024-04-27,63483.13
2024-04-26,63806.23
2024-04-25,64495.27
2024-04-24,64291.07
2024-04-23,66386.61
2024-04-22,66818.89
2024-04-21,64896.87
2024-04-20,64857.99
2024-04-19,63965.95
2024-04-18,63418.0
2024-04-17,61309.97
2024-04-16,63679.78
2024-04-15,63496.91
2024-04-14,65582.95
2024-04-13,64255.94
2024-04-12,67208.21
2024-04-11,70112.05
2024-04-10,70513.6
2024-04-09,69198.22
2024-04-08,71631.77
2024-04-07,69388.74
2024-04-06,68904.86
2024-04-05,67928.77
2024-04-04,68461.23
2024-04-03,66074.16
2024-04-02,65448.35
2024-04-01,69731.26
2024-03-31,71216.98
2024-03-30,69674.78
2024-03-29,69850.52
2024-03-28,70702.74
2024-03-27,69529.85
2024-03-26,70059.97
2024-03-25,69901.99
2024-03-24,67246.83
2024-03-23,64238.03
2024-03-22,63567.63
2024-03-21,65476.17
2024-03-20,67854.02
2024-03-19,61981.15
2024-03-18,67711.55
2024-03-17,68650.08
2024-03-16,65286.52
2024-03-15,69532.18
2024-03-14,71432.39
2024-03-13,73087.95
2024-03-12,71473.86
2024-03-11,72094.44
2024-03-10,68949.74
2024-03-09,68513.59
2024-03-08,68202.87
2024-03-07,66903.82
2024-03-06,66137.13
2024-03-05,63971.07
2024-03-04,68208.36
2024-03-03,63099.99
2024-03-02,62004.02
2024-03-01,62481.07
2024-02-29,61256.01
2024-02-28,62497.28
2024-02-27,57029.24
2024-02-26,54454.91
2024-02-25,51743.97
2024-02-24,51549.1
2024-02-23,50830.04
2024-02-22,51339.49
2024-02-21,51833.0
2024-02-20,52278.15
2024-02-19,51739.37
2024-02-18,52119.06
2024-02-17,51673.99
2024-02-16,52121.96
2024-02-15,51888.33
2024-02-14,51819.74
2024-02-13,49741.98
2024-02-12,50017.36
2024-02-11,48269.68
2024-02-10,47760.23
2024-02-09,47093.93
2024-02-08,45315.99
2024-02-07,44328.04
2024-02-06,43105.15
2024-02-05,42713.66
2024-02-04,42609.98
2024-02-03,42970.67
2024-02-02,43189.15
2024-02-01,43069.45
2024-01-31,42611.24
2024-01-30,42915.56
2024-01-29,43269.41
2024-01-28,42018.7
2024-01-27,42112.7
2024-01-26,41866.1
2024-01-25,39929.16
2024-01-24,40145.83
2024-01-23,39873.77
2024-01-22,39516.98
2024-01-21,41549.91
2024-01-20,41668.99
2024-01-19,41627.16
2024-01-18,41296.92
2024-01-17,42764.71
2024-01-16,43137.2
2024-01-15,42611.43
2024-01-14,41737.9
2024-01-13,42840.02
2024-01-12,42896.05
2024-01-11,46356.96
2024-01-10,46564.21
2024-01-09,46082.08
2024-01-08,46900.01
2024-01-07,43850.46
2024-01-06,43941.78
2024-01-05,44112.11
2024-01-04,44188.15
2024-01-03,42818.03
2024-01-02,44957.63
2024-01-01,44122.03
2023-12-31,42224.09
2023-12-30,42198.85
2023-12-29,42057.41
2023-12-28,42592.06
2023-12-27,43384.25
2023-12-26,42519.8
2023-12-25,43613.88
2023-12-24,43017.9
2023-12-23,43727.32
2023-12-22,43948.89
2023-12-21,43849.41
2023-12-20,43645.95
2023-12-19,42300.16
2023-12-18,42666.06
2023-12-17,41448.75
2023-12-16,42244.61
2023-12-15,41953.42
2023-12-14,43004.17
2023-12-13,42906.87
2023-12-12,41512.61
2023-12-11,41221.12
2023-12-10,43762.68
2023-12-09,43701.25
2023-12-08,44199.33
2023-12-07,43249.99
2023-12-06,43714.53
2023-12-05,44085.68
2023-12-04,41995.8
2023-12-03,39941.07
2023-12-02,39460.0
2023-12-01,38658.06
2023-11-30,37715.02
2023-11-29,37808.01
2023-11-28,37776.89
2023-11-27,37268.83
2023-11-26,37478.11
2023-11-25,37785.84
2023-11-24,37710.8
2023-11-23,37294.4
2023-11-22,37448.77
2023-11-21,35942.19
2023-11-20,37465.89
2023-11-19,37388.51
2023-11-18,36559.41
2023-11-17,36514.01
2023-11-16,36223.54
2023-11-15,37863.66
2023-11-14,35540.04
2023-11-13,36531.68
2023-11-12,37035.03
2023-11-11,37082.17
2023-11-10,37321.14
2023-11-09,36775.23
2023-11-08,35680.29
2023-11-07,35423.24
2023-11-06,35019.43
2023-11-05,35022.44
2023-11-04,35019.68
2023-11-03,34730.03
2023-11-02,34918.05
2023-11-01,35428.26
2023-10-31,34650.03
2023-10-30,34486.77
2023-10-29,34535.58
2023-10-28,34088.4
2023-10-27,33910.02
2023-10-26,34148.86
2023-10-25,34464.23
2023-10-24,33856.0
2023-10-23,32941.46
2023-10-22,29965.01
2023-10-21,29894.16
2023-10-20,29665.02
2023-10-19,28695.97
2023-10-18,28322.73
2023-10-17,28407.42
2023-10-16,28502.1
2023-10-15,27146.62
2023-10-14,26858.7
2023-10-13,26841.72
2023-10-12,26738.45
2023-10-11,26844.46
2023-10-10,27390.34
2023-10-09,27584.1
2023-10-08,27932.44
2023-10-07,27958.62
2023-10-06,27933.0
2023-10-05,27422.6
2023-10-04,27778.6
2023-10-03,27419.23
2023-10-02,27609.13
2023-10-01,27978.1
2023-09-30,26967.11
2023-09-29,26910.69
2023-09-28,27020.31
2023-09-27,26368.04
2023-09-26,26217.38
2023-09-25,26308.45
2023-09-24,26254.11
2023-09-23,26580.66
2023-09-22,26577.61
2023-09-21,26556.98
2023-09-20,27121.84
2023-09-19,27211.2
2023-09-18,26738.74
2023-09-17,26531.4
2023-09-16,26553.13
2023-09-15,26627.69
2023-09-14,26528.22
2023-09-13,26222.02
2023-09-12,25854.29
2023-09-11,25143.63
2023-09-10,25841.65
2023-09-09,25893.13
2023-09-08,25910.51
2023-09-07,26200.96
2023-09-06,25771.63
2023-09-05,25788.7
2023-09-04,25824.15
2023-09-03,25980.6
2023-09-02,25856.93
2023-09-01,25816.57
2023-08-31,25936.45
2023-08-30,27316.23
2023-08-29,27718.23
2023-08-28,26127.89
2023-08-27,26088.38
2023-08-26,26021.02
2023-08-25,26058.22
2023-08-24,26141.53
2023-08-23,26417.4
2023-08-22,26048.09
2023-08-21,26123.45
2023-08-20,26180.0
2023-08-19,26090.63
2023-08-18,26058.26
2023-08-17,26610.04
2023-08-16,28736.49
2023-08-15,29200.8
2023-08-14,29430.95
2023-08-13,29285.11
2023-08-12,29430.07
2023-08-11,29426.01
2023-08-10,29455.74
2023-08-09,29596.9
2023-08-08,29766.72
2023-08-07,29206.01
2023-08-06,29086.65
2023-08-05,29074.55
2023-08-04,29113.38
2023-08-03,29198.33
2023-08-02,29151.7
2023-08-01,29629.24
2023-07-31,29225.93
2023-07-30,29273.9
2023-07-29,29356.22
2023-07-28,29318.62
2023-07-27,29209.65
2023-07-26,29349.52
2023-07-25,29242.03
2023-07-24,29186.08
2023-07-23,30060.75
2023-07-22,29747.98
2023-07-21,29907.92
2023-07-20,29796.85
2023-07-19,29932.56
2023-07-18,29845.47
2023-07-17,30158.01
2023-07-16,30221.07
2023-07-15,30275.68
2023-07-14,30305.65
2023-07-13,31446.3
2023-07-12,30383.85
2023-07-11,30621.56
2023-07-10,30398.1
2023-07-09,30164.49
2023-07-08,30269.02
2023-07-07,30320.04
2023-07-06,29970.05
2023-07-05,30502.92
2023-07-04,30771.96
2023-07-03,31154.04
2023-07-02,30623.76
2023-07-01,30589.05
2023-06-30,30492.03
2023-06-29,30459.1
2023-06-28,30084.01
2023-06-27,30709.78
2023-06-26,30273.8
2023-06-25,30457.7
2023-06-24,30540.55
2023-06-23,30605.59
2023-06-22,29903.56
2023-06-21,30059.71
2023-06-20,28371.02
2023-06-19,26781.82
2023-06-18,26339.43
2023-06-17,26520.01
2023-06-16,26342.59
2023-06-15,25585.43
2023-06-14,25119.91
2023-06-13,25910.03
2023-06-12,25887.59
2023-06-11,25920.86
2023-06-10,25842.84
2023-06-09,26489.46
2023-06-08,26493.46
2023-06-07,26359.59
2023-06-06,27200.04
2023-06-05,25730.52
2023-06-04,27104.41
2023-06-03,27060.8
2023-06-02,27232.85
2023-06-01,26806.98
2023-05-31,27225.77
2023-05-30,27682.8
2023-05-29,27742.37
2023-05-28,28100.31
2023-05-27,26850.79
2023-05-26,26703.21
2023-05-25,26474.02
2023-05-24,26336.63
2023-05-23,27222.75
2023-05-22,26851.39
2023-05-21,26751.47
2023-05-20,27110.53
2023-05-19,26866.88
2023-05-18,26837.94
2023-05-17,27402.68
2023-05-16,27025.77
2023-05-15,27192.17
2023-05-14,26906.17
2023-05-13,26789.06
2023-05-12,26791.96
2023-05-11,27002.28
2023-05-10,27624.54
2023-05-09,27636.66
2023-05-08,27692.99
2023-05-07,28443.05
2023-05-06,28864.28
2023-05-05,29529.67
2023-05-04,28820.66
2023-05-03,28998.8
2023-05-02,28639.58
2023-05-01,28084.46
2023-04-30,29310.54
2023-04-29,29216.77
2023-04-28,29327.11
2023-04-27,29467.27
2023-04-26,28376.59
2023-04-25,28326.83
2023-04-24,27529.2
2023-04-23,27588.57
2023-04-22,27820.65
2023-04-21,27274.5
2023-04-20,28267.17
2023-04-19,28804.98
2023-04-18,30366.57
2023-04-17,29413.96
2023-04-16,30304.87
2023-04-15,30297.83
2023-04-14,30478.29
2023-04-13,30359.58
2023-04-12,29877.42
2023-04-11,30230.07
2023-04-10,29609.83
2023-04-09,28321.86
2023-04-08,27934.04
2023-04-07,27902.26
2023-04-06,28019.74
2023-04-05,28176.39
2023-04-04,28149.68
2023-04-03,27761.46
2023-04-02,28188.18
2023-04-01,28464.81
2023-03-31,28467.2
2023-03-30,28031.6
2023-03-29,28370.77
2023-03-28,27259.22
2023-03-27,27157.57
2023-03-26,27983.59
2023-03-25,27464.61
2023-03-24,27415.93
2023-03-23,28318.22
2023-03-22,27273.81
2023-03-21,28119.55
2023-03-20,27688.07
2023-03-19,27911.81
2023-03-18,26891.63
2023-03-17,27310.18
2023-03-16,25011.18
2023-03-15,24276.67
2023-03-14,24694.7
2023-03-13,24063.56
2023-03-12,21952.8
2023-03-11,20494.94
2023-03-10,20133.74
2023-03-09,20355.86
2023-03-08,21692.94
2023-03-07,22195.01
2023-03-06,22409.49
2023-03-05,22434.99
2023-03-04,22339.04
2023-03-03,22333.77
2023-03-02,23465.27
2023-03-01,23659.4
2023-02-28,23139.08
2023-02-27,23508.26
2023-02-26,23531.2
2023-02-25,23170.01
2023-02-24,23197.76
2023-02-23,23949.1
2023-02-22,24192.98
2023-02-21,24426.17
2023-02-20,24797.22
2023-02-19,24332.28
2023-02-18,24644.04
2023-02-17,24558.32
2023-02-16,23531.73
2023-02-15,24324.46
2023-02-14,22200.03
2023-02-13,21810.99
2023-02-12,21753.75
2023-02-11,21865.78
2023-02-10,21648.28
2023-02-09,21799.18
2023-02-08,22949.21
2023-02-07,23261.22
2023-02-06,22747.47
2023-02-05,22938.18
2023-02-04,23315.81
2023-02-03,23429.76
2023-02-02,23484.95
2023-02-01,23706.06
2023-01-31,23153.2
2023-01-30,22814.48
2023-01-29,23775.98
2023-01-28,23007.44
2023-01-27,23051.27
2023-01-26,23007.84
2023-01-25,23125.72
2023-01-24,22614.66
2023-01-23,22944.92
2023-01-22,22723.95
2023-01-21,22751.61
2023-01-20,22665.75
2023-01-19,21082.06
2023-01-18,20686.51
2023-01-17,21157.19
2023-01-16,21171.05
2023-01-15,20856.06
2023-01-14,20983.98
2023-01-13,19913.73
2023-01-12,18858.66
2023-01-11,17939.36
2023-01-10,17435.75
2023-01-09,17194.78
2023-01-08,17070.57
2023-01-07,16944.54
2023-01-06,16953.97
2023-01-05,16828.85
2023-01-04,16857.28
2023-01-03,16675.91
2023-01-02,16677.45
2023-01-01,16607.07
2022-12-31,16538.35
2022-12-30,16603.75
2022-12-29,16641.44
2022-12-28,16549.98
2022-12-27,16706.46
2022-12-26,16908.95
2022-12-25,16829.92
2022-12-24,16833.88
2022-12-23,16780.46
2022-12-22,16822.06
2022-12-21,16806.42
2022-12-20,16902.54
2022-12-19,16424.8
2022-12-18,16750.77
2022-12-17,16785.89
2022-12-16,16608.49
2022-12-15,17339.46
2022-12-14,17799.17
2022-12-13,17766.35
2022-12-12,17220.81
2022-12-11,17091.92
2022-12-10,17114.34
2022-12-09,17123.39
2022-12-08,17254.84
2022-12-07,16838.05
2022-12-06,17088.38
2022-12-05,16959.34
2022-12-04,17130.17
2022-12-03,16903.72
2022-12-02,17088.43
2022-12-01,16956.19
2022-11-30,17188.63
2022-11-29,16436.19
2022-11-28,16212.4
2022-11-27,16432.36
2022-11-26,16461.19
2022-11-25,16511.91
2022-11-24,16597.73
2022-11-23,16615.23
2022-11-22,16174.96
2022-11-21,15779.97
2022-11-20,16291.45
2022-11-19,16715.84
2022-11-18,16711.14
2022-11-17,16690.89
2022-11-16,16673.51
2022-11-15,16894.93
2022-11-14,16630.64
2022-11-13,16350.0
2022-11-12,16802.19
2022-11-11,17104.2
2022-11-10,17590.41
2022-11-09,15789.34
2022-11-08,18528.52
2022-11-07,20591.75
2022-11-06,20913.05
2022-11-05,21281.59
2022-11-04,21156.08
2022-11-03,20208.6
2022-11-02,20151.52
2022-11-01,20481.55
2022-10-31,20504.46
2022-10-30,20621.75
2022-10-29,20811.99
2022-10-28,20608.26
2022-10-27,20283.98
2022-10-26,20754.02
2022-10-25,20110.88
2022-10-24,19335.39
2022-10-23,19548.72
2022-10-22,19202.85
2022-10-21,19166.33
2022-10-20,19042.93
2022-10-19,19124.99
2022-10-18,19351.07
2022-10-17,19558.11
2022-10-16,19259.62
2022-10-15,19054.88
2022-10-14,19191.03
2022-10-13,19380.69
2022-10-12,19157.98
2022-10-11,19045.54
2022-10-10,19135.37
2022-10-09,19436.34
2022-10-08,19401.01
2022-10-07,19533.03
2022-10-06,19948.22
2022-10-05,20168.6
2022-10-04,20339.73
2022-10-03,19610.39
2022-10-02,19035.35
2022-10-01,19305.17
2022-09-30,19449.61
2022-09-29,19593.34
2022-09-28,19399.49
2022-09-27,19098.48
2022-09-26,19238.75
2022-09-25,18814.05
2022-09-24,18931.73
2022-09-23,19245.97
2022-09-22,19429.13
2022-09-21,18501.82
2022-09-20,18873.2
2022-09-19,19576.64
2022-09-18,19393.59
2022-09-17,20123.64
2022-09-16,19756.27
2022-09-15,19662.39
2022-09-14,20251.72
2022-09-13,20172.39
2022-09-12,22387.94
2022-09-11,21789.45
2022-09-10,21661.7
2022-09-09,21370.64
2022-09-08,19318.42
2022-09-07,19275.3
2022-09-06,18812.06
2022-09-05,19808.1
2022-09-04,19975.31
2022-09-03,19834.8
2022-09-02,19927.55
2022-09-01,20145.59
2022-08-31,20046.95
2022-08-30,19768.07
2022-08-29,20280.87
2022-08-28,19606.74
2022-08-27,20050.57
2022-08-26,20215.51
2022-08-25,21591.28
2022-08-24,21378.1
2022-08-23,21516.13
2022-08-22,21418.63
2022-08-21,21515.71
2022-08-20,21163.41
2022-08-19,20840.72
2022-08-18,23206.19
2022-08-17,23311.76
2022-08-16,23889.75
2022-08-15,24146.61
2022-08-14,24323.0
2022-08-13,24427.97
2022-08-12,24395.94
2022-08-11,23928.98
2022-08-10,23940.2
2022-08-09,23158.7
2022-08-08,23792.96
2022-08-07,23170.7
2022-08-06,22938.36
2022-08-05,23225.79
2022-08-04,22635.52
2022-08-03,22812.3
2022-08-02,22963.83
2022-08-01,23311.59
2022-07-31,23314.43
2022-07-30,23642.24
2022-07-29,23746.27
2022-07-28,23847.01
2022-07-27,22943.12
2022-07-26,21206.72
2022-07-25,21340.47
2022-07-24,22600.78
2022-07-23,22471.32
2022-07-22,22701.08
2022-07-21,23180.09
2022-07-20,23244.57
2022-07-19,23407.35
2022-07-18,22440.04
2022-07-17,20769.4
2022-07-16,21192.11
2022-07-15,20831.31
2022-07-14,20587.54
2022-07-13,20187.15
2022-07-12,19313.26
2022-07-11,19992.29
2022-07-10,20857.66
2022-07-09,21592.74
2022-07-08,21801.08
2022-07-07,21647.17
2022-07-06,20557.54
2022-07-05,20185.96
2022-07-04,20255.65
2022-07-03,19310.08
2022-07-02,19246.51
2022-07-01,19336.1
2022-06-30,19816.75
2022-06-29,20101.12
2022-06-28,20293.45
2022-06-27,20732.98
2022-06-26,21029.22
2022-06-25,21499.97
2022-06-24,21279.53
2022-06-23,21075.17
2022-06-22,19976.05
2022-06-21,20739.94
2022-06-20,20672.8
2022-06-19,20554.9
2022-06-18,19007.5
2022-06-17,20468.21
2022-06-16,20383.69
2022-06-15,22490.59
2022-06-14,22209.51
2022-06-13,22509.1
2022-06-12,26704.73
2022-06-11,28399.97
2022-06-10,29082.53
2022-06-09,30111.71
2022-06-08,30204.55
2022-06-07,31193.07
2022-06-06,31367.42
2022-06-05,29909.21
2022-06-04,29840.08
2022-06-03,29717.56
2022-06-02,30441.47
2022-06-01,29789.42
2022-05-31,31852.83
2022-05-30,31720.03
2022-05-29,29445.72
2022-05-28,29047.06
2022-05-27,28606.47
2022-05-26,29353.62
2022-05-25,29557.53
2022-05-24,29674.11
2022-05-23,29114.08
2022-05-22,30366.04
2022-05-21,29449.99
2022-05-20,29234.03
2022-05-19,30376.33
2022-05-18,28760.15
2022-05-17,30452.62
2022-05-16,29880.55
2022-05-15,31333.77
2022-05-14,30123.78
2022-05-13,29250.0
2022-05-12,29130.04
2022-05-11,28984.54
2022-05-10,31024.7
2022-05-09,30363.87
2022-05-08,33933.54
2022-05-07,35552.56
2022-05-06,36033.06
2022-05-05,36568.76
2022-05-04,39699.03
2022-05-03,37732.3
2022-05-02,38503.91
2022-05-01,38467.09
2022-04-30,37660.45
2022-04-29,38592.0
2022-04-28,39749.94
2022-04-27,39248.44
2022-04-26,38026.75
2022-04-25,40475.28
2022-04-24,39480.0
2022-04-23,39419.53
2022-04-22,39757.55
2022-04-21,40528.78
2022-04-20,41363.5
2022-04-19,41504.42
2022-04-18,40826.67
2022-04-17,39678.0
2022-04-16,40386.51
2022-04-15,40558.13
2022-04-14,39909.72
2022-04-13,41160.05
2022-04-12,40169.22
2022-04-11,39456.93
2022-04-10,42242.78
2022-04-09,42788.71
2022-04-08,42283.43
2022-04-07,43480.17
2022-04-06,43138.52
2022-04-05,45573.54
2022-04-04,46605.6
2022-04-03,46430.7
2022-04-02,45845.96
2022-04-01,46231.0
2022-03-31,45540.83
2022-03-30,47100.46
2022-03-29,47498.67
2022-03-28,46888.22
2022-03-27,46842.72
2022-03-26,44533.22
2022-03-25,44365.18
2022-03-24,43948.89
2022-03-23,42925.98
2022-03-22,42376.74
2022-03-21,41051.83
2022-03-20,41252.05
2022-03-19,42166.23
2022-03-18,41767.1
2022-03-17,40958.23
2022-03-16,41147.28
2022-03-15,39302.02
2022-03-14,39599.02
2022-03-13,37824.35
2022-03-12,38875.99
2022-03-11,38770.05
2022-03-10,39461.35
2022-03-09,41955.07
2022-03-08,38724.82
2022-03-07,37991.88
2022-03-06,38385.19
2022-03-05,39409.21
2022-03-04,39120.04
2022-03-03,42450.88
2022-03-02,43938.48
2022-03-01,44359.87
2022-02-28,43181.14
2022-02-27,37714.48
2022-02-26,39033.54
2022-02-25,39219.48
2022-02-24,38296.17
2022-02-23,37287.49
2022-02-22,38302.84
2022-02-21,37003.15
2022-02-20,38464.85
2022-02-19,40112.56
2022-02-18,39976.24
2022-02-17,40491.04
2022-02-16,43997.71
2022-02-15,44602.53
2022-02-14,42594.94
2022-02-13,42235.51
2022-02-12,42126.35
2022-02-11,42377.65
2022-02-10,43524.38
2022-02-09,44283.91
2022-02-08,44082.39
2022-02-07,43906.0
2022-02-06,42388.07
2022-02-05,41360.05
2022-02-04,41653.56
2022-02-03,37027.78
2022-02-02,36835.9
2022-02-01,38761.97
2022-01-31,38472.01
2022-01-30,37937.34
2022-01-29,38131.82
2022-01-28,37784.72
2022-01-27,37201.84
2022-01-26,36775.53
2022-01-25,36948.63
2022-01-24,36705.92
2022-01-23,36231.14
2022-01-22,35015.93
2022-01-21,36400.67
2022-01-20,40673.94
2022-01-19,41676.5
2022-01-18,42352.14
2022-01-17,42199.01
2022-01-16,43104.68
2022-01-15,43145.31
2022-01-14,43068.73
2022-01-13,42580.33
2022-01-12,43900.03
2022-01-11,42674.3
2022-01-10,41786.22
2022-01-09,41880.9
2022-01-08,41752.93
2022-01-07,41512.92
2022-01-06,43119.06
2022-01-05,43529.73
2022-01-04,45884.46
2022-01-03,46424.35
2022-01-02,47313.63
2022-01-01,47544.5
2021-12-31,46304.95
2021-12-30,47161.01
2021-12-29,46408.3
2021-12-28,47637.89
2021-12-27,50650.17
2021-12-26,50799.98
2021-12-25,50629.98
2021-12-24,50771.93
2021-12-23,50795.7
2021-12-22,48648.51
2021-12-21,48938.91
2021-12-20,46878.43
2021-12-19,46686.5
2021-12-18,46871.02
2021-12-17,46305.33
2021-12-16,47709.16
2021-12-15,48787.24
2021-12-14,48395.3
2021-12-13,46745.63
2021-12-12,50116.99
2021-12-11,49286.37
2021-12-10,47092.33
2021-12-09,47834.99
2021-12-08,50471.22
2021-12-07,50559.95
2021-12-06,50453.05
2021-12-05,49217.91
2021-12-04,49014.11
2021-12-03,53708.68
2021-12-02,56405.67
2021-12-01,57173.08
2021-11-30,57030.13
2021-11-29,57876.49
2021-11-28,57158.67
2021-11-27,54487.45
2021-11-26,53663.6
2021-11-25,58907.05
2021-11-24,57103.46
2021-11-23,57672.53
2021-11-22,56369.52
2021-11-21,58681.09
2021-11-20,59815.37
2021-11-19,58046.89
2021-11-18,56749.27
2021-11-17,60338.92
2021-11-16,60190.0
2021-11-15,63715.77
2021-11-14,65255.05
2021-11-13,64471.04
2021-11-12,64315.36
2021-11-11,64800.36
2021-11-10,64871.25
2021-11-09,66913.34
2021-11-08,67500.02
2021-11-07,63180.13
2021-11-06,61416.31
2021-11-05,61026.02
2021-11-04,61367.93
2021-11-03,62941.48
2021-11-02,63175.51
2021-11-01,61065.03
2021-10-31,61339.98
2021-10-30,61661.29
2021-10-29,62220.29
2021-10-28,60438.75
2021-10-27,58681.02
2021-10-26,60396.5
2021-10-25,62989.54
2021-10-24,60849.62
2021-10-23,61238.62
2021-10-22,60694.0
2021-10-21,62298.09
2021-10-20,65986.3
2021-10-19,64217.08
2021-10-18,61953.23
2021-10-17,61582.25
2021-10-16,60860.89
2021-10-15,61526.33
2021-10-14,57351.74
2021-10-13,57357.61
2021-10-12,56035.86
2021-10-11,57399.23
2021-10-10,54689.57
2021-10-09,55102.17
2021-10-08,53892.93
2021-10-07,53809.14
2021-10-06,55385.45
2021-10-05,51545.05
2021-10-04,49176.76
2021-10-03,48144.15
2021-10-02,47710.52
2021-10-01,48080.37
2021-09-30,43797.59
2021-09-29,41543.64
2021-09-28,40909.31
2021-09-27,42278.31
2021-09-26,43209.87
2021-09-25,42718.94
2021-09-24,42748.04
2021-09-23,44844.23
2021-09-22,43579.97
2021-09-21,40538.43
2021-09-20,42966.01
2021-09-19,47201.5
2021-09-18,48210.78
2021-09-17,47197.55
2021-09-16,47816.25
2021-09-15,48092.97
2021-09-14,47012.91
2021-09-13,44990.02
2021-09-12,46058.0
2021-09-11,45096.05
2021-09-10,44833.08
2021-09-09,46319.95
2021-09-08,45972.95
2021-09-07,46882.0
2021-09-06,52639.24
2021-09-05,51698.73
2021-09-04,49974.1
2021-09-03,49987.64
2021-09-02,49318.56
2021-09-01,48744.63
2021-08-31,47225.27
2021-08-30,47020.68
2021-08-29,48876.76
2021-08-28,48864.02
2021-08-27,49005.95
2021-08-26,47130.62
2021-08-25,48939.97
2021-08-24,47734.03
2021-08-23,49486.4
2021-08-22,49223.95
2021-08-21,49000.42
2021-08-20,49270.61
2021-08-19,46666.87
2021-08-18,44856.03
2021-08-17,44569.56
2021-08-16,45906.74
2021-08-15,47057.49
2021-08-14,47053.51
2021-08-13,47799.97
2021-08-12,44434.34
2021-08-11,45670.17
2021-08-10,45543.92
2021-08-09,46265.47
2021-08-08,43780.24
2021-08-07,44665.77
2021-08-06,42792.79
2021-08-05,40849.95
2021-08-04,39772.47
2021-08-03,38255.05
2021-08-02,39153.01
2021-08-01,40120.7
2021-07-31,41701.0
2021-07-30,42094.78
2021-07-29,39993.53
2021-07-28,39999.97
2021-07-27,39184.61
2021-07-26,37211.42
2021-07-25,35227.35
2021-07-24,34211.77
2021-07-23,33506.09
2021-07-22,32338.55
2021-07-21,32142.94
2021-07-20,29759.93
2021-07-19,30851.95
2021-07-18,31813.0
2021-07-17,31570.17
2021-07-16,31385.55
2021-07-15,31641.45
2021-07-14,32776.14
2021-07-13,32567.57
2021-07-12,33219.35
2021-07-11,34249.77
2021-07-10,33548.82
2021-07-09,33866.2
2021-07-08,32837.96
2021-07-07,33867.47
2021-07-06,34106.81
2021-07-05,33866.54
2021-07-04,35312.39
2021-07-03,34698.3
2021-07-02,33846.01
2021-07-01,33628.67
2021-06-30,35060.43
2021-06-29,35840.39
2021-06-28,34439.12
2021-06-27,34579.03
2021-06-26,31858.58
2021-06-25,31708.51
2021-06-24,34580.35
2021-06-23,33646.15
2021-06-22,32366.97
2021-06-21,31606.39
2021-06-20,35648.52
2021-06-19,35635.38
2021-06-18,35577.47
2021-06-17,38082.08
2021-06-16,38290.04
2021-06-15,40204.51
2021-06-14,40499.97
2021-06-13,38990.0
2021-06-12,35538.3
2021-06-11,37200.35
2021-06-10,36870.06
2021-06-09,37345.04
2021-06-08,33369.14
2021-06-07,33550.0
2021-06-06,35781.01
2021-06-05,35510.26
2021-06-04,36908.14
2021-06-03,39152.71
2021-06-02,37622.43
2021-06-01,36606.39
2021-05-31,37303.75
2021-05-30,35618.16
2021-05-29,34523.41
2021-05-28,35670.7
2021-05-27,38479.69
2021-05-26,39184.76
2021-05-25,38165.79
2021-05-24,38619.4
2021-05-23,34834.68
2021-05-22,37555.0
2021-05-21,37242.94
2021-05-20,40389.78
2021-05-19,36974.61
2021-05-18,43019.77
2021-05-17,43590.92
2021-05-16,46395.05
2021-05-15,46786.61
2021-05-14,49884.92
2021-05-13,49655.62
2021-05-12,50482.43
2021-05-11,56721.83
2021-05-10,55772.28
2021-05-09,58169.73
2021-05-08,58711.17
2021-05-07,57339.55
2021-05-06,56484.49
2021-05-05,57338.36
2021-05-04,53329.39
2021-05-03,57211.41
2021-05-02,56563.76
2021-05-01,57793.52
2021-04-30,57758.65
2021-04-29,53610.43
2021-04-28,54766.54
2021-04-27,54924.01
2021-04-26,53954.41
2021-04-25,48987.68
2021-04-24,50007.72
2021-04-23,51020.04
2021-04-22,51843.68
2021-04-21,53889.33
2021-04-20,56363.62
2021-04-19,55653.24
2021-04-18,56037.13
2021-04-17,60078.27
2021-04-16,61504.77
2021-04-15,63183.14
2021-04-14,62628.98
2021-04-13,63528.48
2021-04-12,59940.53
2021-04-11,60018.29
2021-04-10,59747.44
2021-04-09,58159.44
2021-04-08,58019.88
2021-04-07,56073.47
2021-04-06,58093.24
2021-04-05,58777.74
2021-04-04,58215.19
2021-04-03,57139.14
2021-04-02,58963.33
2021-04-01,58755.62
2021-03-31,58719.45
2021-03-30,58693.95
2021-03-29,57664.85
2021-03-28,55861.95
2021-03-27,55917.88
2021-03-26,55002.77
2021-03-25,51412.19
2021-03-24,52584.79
2021-03-23,54599.96
2021-03-22,54249.99
2021-03-21,57392.21
2021-03-20,58219.82
2021-03-19,58091.62
2021-03-18,57687.52
2021-03-17,58711.98
2021-03-16,56456.0
2021-03-15,55723.95
2021-03-14,59380.02
2021-03-13,61298.0
2021-03-12,57278.16
2021-03-11,57633.7
2021-03-10,55998.74
2021-03-09,54759.46
2021-03-08,52326.86
2021-03-07,51409.23
2021-03-06,48884.8
2021-03-05,48901.92
2021-03-04,48523.78
2021-03-03,50593.58
2021-03-02,48245.6
2021-03-01,49557.94
2021-02-28,44986.74
2021-02-27,46202.31
2021-02-26,46205.26
2021-02-25,47372.38
2021-02-24,49577.67
2021-02-23,48514.38
2021-02-22,54153.66
2021-02-21,57367.95
2021-02-20,56008.79
2021-02-19,55795.16
2021-02-18,51656.85
2021-02-17,52127.62
2021-02-16,49261.05
2021-02-15,47981.98
2021-02-14,48673.33
2021-02-13,47056.77
2021-02-12,47622.57
2021-02-11,47680.42
2021-02-10,44866.5
2021-02-09,46511.52
2021-02-08,46225.5
2021-02-07,38888.64
2021-02-06,39191.51
2021-02-05,37945.96
2021-02-04,36938.03
2021-02-03,37551.93
2021-02-02,35507.13
2021-02-01,33513.44
2021-01-31,33136.14
2021-01-30,34333.11
2021-01-29,34241.19
2021-01-28,33117.57
2021-01-27,30305.34
2021-01-26,32577.77
2021-01-25,32272.78
2021-01-24,32261.74
2021-01-23,32045.84
2021-01-22,32836.14
2021-01-21,30892.8
2021-01-20,35636.11
2021-01-19,36177.49
2021-01-18,36714.84
2021-01-17,35786.42
2021-01-16,36178.18
2021-01-15,36678.95
2021-01-14,39304.69
2021-01-13,37359.33
2021-01-12,33949.4
2021-01-11,35569.72
2021-01-10,38299.02
2021-01-09,40129.0
2021-01-08,40703.29
2021-01-07,39493.13
2021-01-06,36904.22
2021-01-05,33965.16
2021-01-04,31973.83
2021-01-03,32877.61
2021-01-02,32093.26
2021-01-01,29300.19
2020-12-31,28977.96
2020-12-30,28810.02
2020-12-29,27392.54
2020-12-28,27147.37
2020-12-27,26326.48
2020-12-26,26446.97
2020-12-25,24652.04
2020-12-24,23733.03
2020-12-23,23261.79
2020-12-22,23801.64
2020-12-21,22882.16
2020-12-20,23516.4
2020-12-19,23844.57
2020-12-18,23113.99
2020-12-17,22823.46
2020-12-16,21367.1
2020-12-15,19434.07
2020-12-14,19270.75
2020-12-13,19169.34
2020-12-12,18804.79
2020-12-11,18062.12
2020-12-10,18261.88
2020-12-09,18569.99
2020-12-08,18325.05
2020-12-07,19190.04
2020-12-06,19336.69
2020-12-05,19127.66
2020-12-04,18737.19
2020-12-03,19427.95
2020-12-02,19201.28
2020-12-01,18855.04
2020-11-30,19721.87
2020-11-29,18162.12
2020-11-28,17707.72
2020-11-27,17076.84
2020-11-26,17072.81
2020-11-25,18770.2
2020-11-24,19121.51
2020-11-23,18374.45
2020-11-22,18413.53
2020-11-21,18709.06
2020-11-20,18641.29
2020-11-19,17806.28
2020-11-18,17827.84
2020-11-17,17683.76
2020-11-16,16725.11
2020-11-15,15961.35
2020-11-14,16083.59
2020-11-13,16316.14
2020-11-12,16279.27
2020-11-11,15687.48
2020-11-10,15280.16
2020-11-09,15326.16
2020-11-08,15499.08
2020-11-07,14821.98
2020-11-06,15547.05
2020-11-05,15558.53
2020-11-04,14132.96
2020-11-03,13973.25
2020-11-02,13576.97
2020-11-01,13735.01
2020-10-31,13795.53
2020-10-30,13568.84
2020-10-29,13443.53
2020-10-28,13275.48
2020-10-27,13651.54
2020-10-26,13065.54
2020-10-25,13020.81
2020-10-24,13117.17
2020-10-23,12929.02
2020-10-22,12958.54
2020-10-21,12808.8
2020-10-20,11910.24
2020-10-19,11748.38
2020-10-18,11490.02
2020-10-17,11368.48
2020-10-16,11312.66
2020-10-15,11492.62
2020-10-14,11426.37
2020-10-13,11423.48
2020-10-12,11544.14
2020-10-11,11376.44
2020-10-10,11294.99
2020-10-09,11066.19
2020-10-08,10898.55
2020-10-07,10665.25
2020-10-06,10604.45
2020-10-05,10784.67
2020-10-04,10665.7
2020-10-03,10541.32
2020-10-02,10566.49
2020-10-01,10614.3
2020-09-30,10766.81
2020-09-29,10839.96
2020-09-28,10702.47
2020-09-27,10766.52
2020-09-26,10739.74
2020-09-25,10683.4
2020-09-24,10731.53
2020-09-23,10231.05
2020-09-22,10531.35
2020-09-21,10427.88
2020-09-20,10914.69
2020-09-19,11076.85
2020-09-18,10916.97
2020-09-17,10934.42
2020-09-16,10946.92
2020-09-15,10783.0
2020-09-14,10665.11
2020-09-13,10315.67
2020-09-12,10438.38
2020-09-11,10374.78
2020-09-10,10334.64
2020-09-09,10214.15
2020-09-08,10112.21
2020-09-07,10356.44
2020-09-06,10257.23
2020-09-05,10129.79
2020-09-04,10473.52
2020-09-03,10215.67
2020-09-02,11399.15
2020-09-01,11921.75
2020-08-31,11656.0
2020-08-30,11697.79
2020-08-29,11485.1
2020-08-28,11496.83
2020-08-27,11311.24
2020-08-26,11463.57
2020-08-25,11361.55
2020-08-24,11763.76
2020-08-23,11653.41
2020-08-22,11681.16
2020-08-21,11530.92
2020-08-20,11866.6
2020-08-19,11732.41
2020-08-18,11961.99
2020-08-17,12285.94
2020-08-16,11892.68
2020-08-15,11865.38
2020-08-14,11742.88
2020-08-13,11763.01
2020-08-12,11576.81
2020-08-11,11395.41
2020-08-10,11867.87
2020-08-09,11648.08
2020-08-08,11728.59
2020-08-07,11583.16
2020-08-06,11780.29
2020-08-05,11732.93
2020-08-04,11194.55
2020-08-03,11246.26
2020-08-02,11073.61
2020-08-01,11800.39
2020-07-31,11334.59
2020-07-30,11109.23
2020-07-29,11073.3
2020-07-28,10895.73
2020-07-27,10996.54
2020-07-26,9917.36
2020-07-25,9686.12
2020-07-24,9545.05
2020-07-23,9592.96
2020-07-22,9518.9
2020-07-21,9385.17
2020-07-20,9164.07
2020-07-19,9207.82
2020-07-18,9170.8
2020-07-17,9155.77
2020-07-16,9137.24
2020-07-15,9206.76
2020-07-14,9254.2
2020-07-13,9247.11
2020-07-12,9286.73
2020-07-11,9231.32
2020-07-10,9278.45
2020-07-09,9240.37
2020-07-08,9420.35
2020-07-07,9252.36
2020-07-06,9342.54
2020-07-05,9072.77
2020-07-04,9127.52
2020-07-03,9065.58
2020-07-02,9084.05
2020-07-01,9225.67
2020-06-30,9145.56
2020-06-29,9180.16
2020-06-28,9118.12
2020-06-27,9014.22
2020-06-26,9165.5
2020-06-25,9254.75
2020-06-24,9289.3
2020-06-23,9614.94
2020-06-22,9685.85
2020-06-21,9289.89
2020-06-20,9348.98
2020-06-19,9305.9
2020-06-18,9401.55
2020-06-17,9463.41
2020-06-16,9520.48
2020-06-15,9421.65
2020-06-14,9352.85
2020-06-13,9463.82
2020-06-12,9460.38
2020-06-11,9314.38
2020-06-10,9864.56
2020-06-09,9769.87
2020-06-08,9773.3
2020-06-07,9742.57
2020-06-06,9662.32
2020-06-05,9641.92
2020-06-04,9803.99
2020-06-03,9652.63
2020-06-02,9538.73
2020-06-01,10177.77
2020-05-31,9449.86
2020-05-30,9693.55
2020-05-29,9418.13
2020-05-28,9536.16
2020-05-27,9165.14
2020-05-26,8850.35
2020-05-25,8897.21
2020-05-24,8791.79
2020-05-23,9180.53
2020-05-22,9160.71
2020-05-21,9073.69
2020-05-20,9524.43
2020-05-19,9761.18
2020-05-18,9733.74
2020-05-17,9667.58
2020-05-16,9380.48
2020-05-15,9293.97
2020-05-14,9772.56
2020-05-13,9302.9
2020-05-12,8792.06
2020-05-11,8593.86
2020-05-10,8745.15
2020-05-09,9570.01
2020-05-08,9822.89
2020-05-07,9968.11
2020-05-06,9198.25
2020-05-05,8968.0
2020-05-04,8883.31
2020-05-03,8894.36
2020-05-02,8974.92
2020-05-01,8832.98
2020-04-30,8607.33
2020-04-29,8759.79
2020-04-28,7754.22
2020-04-27,7766.69
2020-04-26,7665.83
2020-04-25,7535.26
2020-04-24,7497.35
2020-04-23,7464.89
2020-04-22,7106.55
2020-04-21,6851.01
2020-04-20,6856.79
2020-04-19,7133.15
2020-04-18,7233.16
2020-04-17,7034.54
2020-04-16,7088.8
2020-04-15,6637.79
2020-04-14,6856.18
2020-04-13,6837.42
2020-04-12,6977.23
2020-04-11,6869.59
2020-04-10,6859.83
2020-04-09,7293.58
2020-04-08,7352.33
2020-04-07,7198.77
2020-04-06,7279.16
2020-04-05,6789.73
2020-04-04,6847.73
2020-04-03,6733.75
2020-04-02,6807.47
2020-04-01,6598.29
2020-03-31,6431.26
2020-03-30,6424.08
2020-03-29,5917.3
2020-03-28,6239.84
2020-03-27,6377.75
2020-03-26,6736.29
2020-03-25,6681.34
2020-03-24,6736.04
2020-03-23,6467.46
2020-03-22,5843.16
2020-03-21,6149.8
2020-03-20,6192.31
2020-03-19,6160.0
2020-03-18,5365.58
2020-03-17,5362.32
2020-03-16,5022.58
2020-03-15,5381.75
2020-03-14,5212.98
2020-03-13,5518.65
2020-03-12,4724.39
2020-03-11,7931.35
2020-03-10,7900.82
2020-03-09,7915.67
2020-03-08,8042.74
2020-03-07,8898.94
2020-03-06,9129.27
2020-03-05,9051.14
2020-03-04,8749.5
2020-03-03,8772.48
2020-03-02,8900.07
2020-03-01,8557.5
2020-02-29,8569.47
2020-02-28,8731.61
2020-02-27,8775.6
2020-02-26,8829.54
2020-02-25,9358.39
2020-02-24,9664.37
2020-02-23,9923.66
2020-02-22,9667.52
2020-02-21,9683.45
2020-02-20,9612.39
2020-02-19,9621.77
2020-02-18,10144.9
2020-02-17,9712.0
2020-02-16,9969.24
2020-02-15,9903.08
2020-02-14,10327.51
2020-02-13,10225.42
2020-02-12,10327.55
2020-02-11,10229.7
2020-02-10,9869.44
2020-02-09,10128.75
2020-02-08,9899.91
2020-02-07,9820.3
2020-02-06,9754.08
2020-02-05,9602.31
2020-02-04,9187.07
2020-02-03,9302.36
2020-02-02,9339.57
2020-02-01,9386.11
2020-01-31,9336.13
2020-01-30,9503.27
2020-01-29,9304.92
2020-01-28,9334.84
2020-01-27,8895.6
2020-01-26,8591.0
2020-01-25,8366.21
2020-01-24,8440.29
2020-01-23,8391.61
2020-01-22,8672.8
2020-01-21,8747.38
2020-01-20,8639.2
2020-01-19,8697.34
2020-01-18,8929.54
2020-01-17,8921.65
2020-01-16,8722.04
2020-01-15,8807.63
2020-01-14,8838.56
2020-01-13,8116.97
2020-01-12,8164.59
2020-01-11,8024.79
2020-01-10,8160.41
2020-01-09,7829.06
2020-01-08,8055.76
2020-01-07,8155.22
2020-01-06,7764.22
2020-01-05,7352.36
2020-01-04,7358.49
2020-01-03,7317.18
2020-01-02,6968.27
2020-01-01,7213.92
2019-12-31,7202.62
2019-12-30,7245.99
2019-12-29,7386.38
2019-12-28,7312.04
2019-12-27,7246.42
2019-12-26,7211.34
2019-12-25,7205.38
2019-12-24,7240.62
2019-12-23,7329.61
2019-12-22,7482.96
2019-12-21,7138.89
2019-12-20,7185.16
2019-12-19,7150.38
2019-12-18,7275.75
2019-12-17,6624.13
2019-12-16,6902.89
2019-12-15,7120.92
2019-12-14,7078.96
2019-12-13,7255.13
2019-12-12,7202.46
2019-12-11,7199.72
2019-12-10,7233.81
2019-12-09,7350.42
2019-12-08,7516.68
2019-12-07,7496.13
2019-12-06,7532.61
2019-12-05,7386.51
2019-12-04,7216.46
2019-12-03,7300.21
2019-12-02,7315.11
2019-12-01,7417.18
2019-11-30,7548.61
2019-11-29,7740.42
2019-11-28,7442.8
2019-11-27,7502.03
2019-11-26,7169.26
2019-11-25,7133.95
2019-11-24,6932.31
2019-11-23,7316.8
2019-11-22,7290.35
2019-11-21,7631.02
2019-11-20,8097.19
2019-11-19,8134.77
2019-11-18,8211.79
2019-11-17,8503.05
2019-11-16,8497.41
2019-11-15,8474.54
2019-11-14,8662.42
2019-11-13,8785.8
2019-11-12,8801.6
2019-11-11,8732.15
2019-11-10,9043.0
2019-11-09,8818.43
2019-11-08,8791.64
2019-11-07,9219.01
2019-11-06,9329.52
2019-11-05,9311.28
2019-11-04,9389.91
2019-11-03,9205.74
2019-11-02,9290.26
2019-11-01,9225.75
2019-10-31,9154.92
2019-10-30,9162.39
2019-10-29,9411.89
2019-10-28,9234.27
2019-10-27,9544.09
2019-10-26,9235.93
2019-10-25,8651.13
2019-10-24,7440.04
2019-10-23,7469.52
2019-10-22,8040.01
2019-10-21,8212.77
2019-10-20,8202.01
2019-10-19,7950.12
2019-10-18,7955.46
2019-10-17,8075.18
2019-10-16,8008.81
2019-10-15,8174.78
2019-10-14,8347.2
2019-10-13,8294.6
2019-10-12,8314.92
2019-10-11,8272.02
2019-10-10,8556.95
2019-10-09,8572.84
2019-10-08,8189.8
2019-10-07,8196.15
2019-10-06,7876.46
2019-10-05,8130.13
2019-10-04,8155.66
2019-10-03,8232.13
2019-10-02,8361.92
2019-10-01,8294.74
2019-09-30,8269.03
2019-09-29,8068.67
2019-09-28,8208.6
2019-09-27,8183.57
2019-09-26,8077.94
2019-09-25,8439.85
2019-09-24,8588.42
2019-09-23,9719.4
2019-09-22,10050.19
2019-09-21,10006.07
2019-09-20,10179.86
2019-09-19,10241.61
2019-09-18,10164.1
2019-09-17,10208.17
2019-09-16,10268.66
2019-09-15,10313.44
2019-09-14,10353.55
2019-09-13,10346.6
2019-09-12,10387.51
2019-09-11,10159.72
2019-09-10,10132.54
2019-09-09,10322.06
2019-09-08,10410.19
2019-09-07,10477.09
2019-09-06,10339.46
2019-09-05,10574.5
2019-09-04,10578.32
2019-09-03,10603.1
2019-09-02,10329.86
2019-09-01,9716.72
2019-08-31,9609.79
2019-08-30,9582.26
2019-08-29,9493.76
2019-08-28,9759.79
2019-08-27,10219.41
2019-08-26,10374.88
2019-08-25,10118.4
2019-08-24,10142.84
2019-08-23,10385.51
2019-08-22,10123.99
2019-08-21,10136.96
2019-08-20,10751.86
2019-08-19,10890.25
2019-08-18,10331.47
2019-08-17,10220.07
2019-08-16,10344.51
2019-08-15,10296.6
2019-08-14,10010.25
2019-08-13,10920.98
2019-08-12,11398.76
2019-08-11,11555.78
2019-08-10,11342.47
2019-08-09,11857.84
2019-08-08,12019.26
2019-08-07,11976.65
2019-08-06,11497.06
2019-08-05,11782.65
2019-08-04,10948.19
2019-08-03,10806.82
2019-08-02,10523.95
2019-08-01,10365.98
2019-07-31,10080.09
2019-07-30,9581.21
2019-07-29,9533.58
2019-07-28,9545.09
2019-07-27,9465.0
2019-07-26,9845.99
2019-07-25,9904.7
2019-07-24,9807.41
2019-07-23,9916.38
2019-07-22,10338.59
2019-07-21,10596.36
2019-07-20,10764.7
2019-07-19,10511.7
2019-07-18,10629.02
2019-07-17,9643.71
2019-07-16,9499.56
2019-07-15,10885.59
2019-07-14,10288.85
2019-07-13,11397.16
2019-07-12,11776.08
2019-07-11,11376.68
2019-07-10,12147.7
2019-07-09,12545.45
2019-07-08,12248.87
2019-07-07,11441.62
2019-07-06,11266.4
2019-07-05,10980.08
2019-07-04,11221.26
2019-07-03,11943.63
2019-07-02,10818.19
2019-07-01,10638.0
2019-06-30,10912.26
2019-06-29,12097.57
2019-06-28,12482.41
2019-06-27,11237.08
2019-06-26,13112.78
2019-06-25,11810.13
2019-06-24,11013.96
2019-06-23,10880.05
2019-06-22,10719.81
2019-06-21,10162.2
2019-06-20,9589.39
2019-06-19,9311.88
2019-06-18,9125.09
2019-06-17,9328.08
2019-06-16,9025.72
2019-06-15,8859.6
2019-06-14,8696.97
2019-06-13,8286.91
2019-06-12,8159.59
2019-06-11,7962.76
2019-06-10,8000.57
2019-06-09,7750.81
2019-06-08,7974.68
2019-06-07,8070.9
2019-06-06,7846.27
2019-06-05,7860.51
2019-06-04,7760.01
2019-06-03,8362.96
2019-06-02,8781.23
2019-06-01,8596.11
2019-05-31,8606.28
2019-05-30,8380.87
2019-05-29,8672.99
2019-05-28,8721.62
2019-05-27,8857.1
2019-05-26,8736.63
2019-05-25,8104.73
2019-05-24,8021.48
2019-05-23,7919.73
2019-05-22,7744.86
2019-05-21,7984.31
2019-05-20,8004.46
2019-05-19,8186.66
2019-05-18,7332.61
2019-05-17,7382.34
2019-05-16,7918.88
2019-05-15,8181.25
2019-05-14,8028.24
2019-05-13,7813.19
2019-05-12,6992.04
2019-05-11,7235.88
2019-05-10,6386.69
2019-05-09,6187.66
2019-05-08,5973.94
2019-05-07,5855.2
2019-05-06,5742.76
2019-05-05,5779.33
2019-05-04,5820.36
2019-05-03,5734.73
2019-05-02,5485.78
2019-05-01,5388.82
2019-04-30,5305.98
2019-04-29,5258.68
2019-04-28,5293.94
2019-04-27,5274.51
2019-04-26,5264.27
2019-04-25,5241.37
2019-04-24,5484.27
2019-04-23,5591.93
2019-04-22,5417.51
2019-04-21,5349.87
2019-04-20,5363.76
2019-04-19,5317.96
2019-04-18,5309.26
2019-04-17,5271.11
2019-04-16,5280.62
2019-04-15,5114.8
2019-04-14,5187.56
2019-04-13,5132.67
2019-04-12,5090.03
2019-04-11,5055.48
2019-04-10,5334.17
2019-04-09,5235.7
2019-04-08,5303.99
2019-04-07,5212.31
2019-04-06,5066.74
2019-04-05,5029.81
2019-04-04,4924.08
2019-04-03,4981.38
2019-04-02,4888.06
2019-04-01,4202.13
2019-03-31,4202.59
2019-03-30,4164.62
2019-03-29,4128.95
2019-03-28,4061.0
2019-03-27,4069.69
2019-03-26,3980.62
2019-03-25,3969.7
2019-03-24,4024.48
2019-03-23,4034.59
2019-03-22,4017.94
2019-03-21,4024.28
2019-03-20,4075.32
2019-03-19,4039.79
2019-03-18,4020.47
2019-03-17,4007.17
2019-03-16,4024.23
2019-03-15,3928.04
2019-03-14,3900.38
2019-03-13,3895.62
2019-03-12,3901.11
2019-03-11,3879.1
2019-03-10,3902.81
2019-03-09,3931.9
2019-03-08,3872.14
2019-03-07,3888.25
2019-03-06,3873.67
2019-03-05,3855.0
2019-03-04,3755.24
2019-03-03,3881.08
2019-03-02,3848.66
2019-03-01,3834.29
2019-02-28,3845.26
2019-02-27,3841.62
2019-02-26,3842.99
2019-02-25,3868.16
2019-02-24,3807.51
2019-02-23,4123.67
2019-02-22,3970.59
2019-02-21,3894.54
2019-02-20,3918.39
2019-02-19,3893.27
2019-02-18,3858.95
2019-02-17,3630.27
2019-02-16,3599.14
2019-02-15,3596.82
2019-02-14,3577.37
2019-02-13,3590.15
2019-02-12,3608.15
2019-02-11,3615.97
2019-02-10,3663.53
2019-02-09,3648.62
2019-02-08,3632.62
2019-02-07,3382.95
2019-02-06,3405.56
2019-02-05,3463.44
2019-02-04,3453.03
2019-02-03,3451.48
2019-02-02,3502.07
2019-02-01,3474.4
2019-01-31,3447.81
2019-01-30,3470.83
2019-01-29,3438.81
2019-01-28,3462.06
2019-01-27,3575.7
2019-01-26,3595.15
2019-01-25,3590.98
2019-01-24,3601.87
2019-01-23,3592.9
2019-01-22,3608.38
2019-01-21,3547.12
2019-01-20,3583.51
2019-01-19,3735.95
2019-01-18,3653.19
2019-01-17,3684.25
2019-01-16,3658.25
2019-01-15,3640.21
2019-01-14,3705.94
2019-01-13,3553.23
2019-01-12,3668.25
2019-01-11,3678.69
2019-01-10,3673.22
2019-01-09,4032.58
2019-01-08,4030.99
2019-01-07,4036.96
2019-01-06,4085.91
2019-01-05,3866.0
2019-01-04,3877.82
2019-01-03,3844.0
2019-01-02,3938.63
2019-01-01,3851.18
2018-12-31,3746.12
2018-12-30,3863.17
2018-12-29,3832.1
2018-12-28,3902.73
2018-12-27,3651.17
2018-12-26,3833.46
2018-12-25,3789.44
2018-12-24,4049.13
2018-12-23,3980.15
2018-12-22,3985.95
2018-12-21,3872.5
2018-12-20,4103.26
2018-12-19,3719.3
2018-12-18,3671.04
2018-12-17,3520.01
2018-12-16,3259.04
2018-12-15,3244.87
2018-12-14,3236.7
2018-12-13,3314.35
2018-12-12,3471.92
2018-12-11,3394.22
2018-12-10,3464.84
2018-12-09,3586.57
2018-12-08,3465.34
2018-12-07,3424.13
2018-12-06,3530.42
2018-12-05,3778.64
2018-12-04,3960.0
2018-12-03,3905.39
2018-12-02,4143.98
2018-12-01,4208.47
2018-11-30,4030.04
2018-11-29,4295.39
2018-11-28,4256.46
2018-11-27,3835.02
2018-11-26,3801.73
2018-11-25,4008.33
2018-11-24,3894.62
2018-11-23,4374.32
2018-11-22,4377.55
2018-11-21,4609.51
2018-11-20,4470.86
2018-11-19,4893.02
2018-11-18,5647.48
2018-11-17,5631.54
2018-11-16,5627.48
2018-11-15,5654.72
2018-11-14,5747.08
2018-11-13,6371.37
2018-11-12,6364.39
2018-11-11,6407.68
2018-11-10,6399.52
2018-11-09,6397.94
2018-11-08,6468.14
2018-11-07,6526.82
2018-11-06,6428.29
2018-11-05,6413.99
2018-11-04,6456.24
2018-11-03,6387.92
2018-11-02,6407.75
2018-11-01,6368.31
2018-10-31,6298.84
2018-10-30,6284.59
2018-10-29,6252.27
2018-10-28,6406.22
2018-10-27,6416.19
2018-10-26,6416.41
2018-10-25,6420.37
2018-10-24,6433.07
2018-10-23,6423.91
2018-10-22,6466.25
2018-10-21,6475.86
2018-10-20,6461.9
2018-10-19,6455.4
2018-10-18,6479.3
2018-10-17,6520.26
2018-10-16,6552.08
2018-10-15,6576.76
2018-10-14,6321.81
2018-10-13,6325.16
2018-10-12,6293.9
2018-10-11,6252.44
2018-10-10,6599.43
2018-10-09,6646.66
2018-10-08,6657.27
2018-10-07,6595.64
2018-10-06,6591.0
2018-10-05,6626.55
2018-10-04,6574.05
2018-10-03,6505.26
2018-10-02,6534.42
2018-10-01,6596.02
2018-09-30,6619.48
2018-09-29,6600.21
2018-09-28,6641.96
2018-09-27,6676.85
2018-09-26,6479.08
2018-09-25,6438.63
2018-09-24,6586.79
2018-09-23,6709.84
2018-09-22,6707.24
2018-09-21,6744.7
2018-09-20,6497.02
2018-09-19,6397.13
2018-09-18,6363.86
2018-09-17,6274.23
2018-09-16,6512.15
2018-09-15,6537.21
2018-09-14,6509.22
2018-09-13,6501.15
2018-09-12,6359.15
2018-09-11,6306.69
2018-09-10,6330.67
2018-09-09,6277.68
2018-09-08,6214.52
2018-09-07,6436.84
2018-09-06,6519.68
2018-09-05,6714.91
2018-09-04,7360.99
2018-09-03,7268.86
2018-09-02,7277.24
2018-09-01,7193.25
2018-08-31,7018.26
2018-08-30,6973.88
2018-08-29,7036.64
2018-08-28,7082.64
2018-08-27,6883.39
2018-08-26,6705.16
2018-08-25,6745.16
2018-08-24,6709.59
2018-08-23,6528.52
2018-08-22,6376.53
2018-08-21,6482.48
2018-08-20,6291.97
2018-08-19,6509.31
2018-08-18,6420.02
2018-08-17,6587.23
2018-08-16,6329.7
2018-08-15,6306.3
2018-08-14,6207.12
2018-08-13,6284.93
2018-08-12,6342.51
2018-08-11,6293.92
2018-08-10,6183.83
2018-08-09,6563.76
2018-08-08,6281.52
2018-08-07,6732.83
2018-08-06,6935.71
2018-08-05,7041.99
2018-08-04,7017.84
2018-08-03,7422.44
2018-08-02,7551.49
2018-08-01,7596.72
2018-07-31,7752.14
2018-07-30,8181.18
2018-07-29,8211.61
2018-07-28,8195.28
2018-07-27,8158.49
2018-07-26,7933.67
2018-07-25,8179.36
2018-07-24,8338.94
2018-07-23,7712.93
2018-07-22,7391.75
2018-07-21,7400.99
2018-07-20,7329.84
2018-07-19,7443.66
2018-07-18,7353.88
2018-07-17,7317.33
2018-07-16,6705.49
2018-07-15,6346.6
2018-07-14,6250.05
2018-07-13,6215.78
2018-07-12,6202.44
2018-07-11,6367.69
2018-07-10,6319.84
2018-07-09,6670.0
2018-07-08,6711.76
2018-07-07,6718.7
2018-07-06,6600.61
2018-07-05,6532.5
2018-07-04,6603.1
2018-07-03,6534.64
2018-07-02,6595.97
2018-07-01,6364.4
2018-06-30,6376.56
2018-06-29,6127.56
2018-06-28,5912.44
2018-06-27,6108.69
2018-06-26,6103.03
2018-06-25,6238.07
2018-06-24,6149.12
2018-06-23,6156.3
2018-06-22,6071.72
2018-06-21,6711.94
2018-06-20,6734.14
2018-06-19,6722.64
2018-06-18,6700.6
2018-06-17,6461.21
2018-06-16,6505.76
2018-06-15,6473.77
2018-06-14,6649.44
2018-06-13,6308.4
2018-06-12,6558.51
2018-06-11,6847.94
2018-06-10,6797.08
2018-06-09,7559.67
2018-06-08,7622.64
2018-06-07,7654.79
2018-06-06,7577.59
2018-06-05,7612.12
2018-06-04,7505.89
2018-06-03,7684.93
2018-06-02,7588.64
2018-06-01,7525.47
2018-05-31,7504.04
2018-05-30,7411.62
2018-05-29,7474.56
2018-05-28,7149.25
2018-05-27,7363.94
2018-05-26,7349.79
2018-05-25,7488.64
2018-05-24,7576.28
2018-05-23,7570.54
2018-05-22,8032.09
2018-05-21,8399.12
2018-05-20,8499.12
2018-05-19,8225.33
2018-05-18,8236.68
2018-05-17,8088.95
2018-05-16,8343.9
2018-05-15,8515.7
2018-05-14,8740.31
2018-05-13,8699.82
2018-05-12,8488.21
2018-05-11,8422.66
2018-05-10,9037.39
2018-05-09,9327.37
2018-05-08,9233.69
2018-05-07,9372.88
2018-05-06,9666.85
2018-05-05,9864.06
2018-05-04,9718.72
2018-05-03,9769.29
2018-05-02,9236.7
2018-05-01,9096.81
2018-04-30,9240.34
2018-04-29,9413.41
2018-04-28,9337.28
2018-04-27,8974.09
2018-04-26,9268.53
2018-04-25,8846.75
2018-04-24,9715.11
2018-04-23,8924.02
2018-04-22,8787.21
2018-04-21,8884.35
2018-04-20,8813.04
2018-04-19,8280.64
2018-04-18,8133.86
2018-04-17,7889.5
2018-04-16,8038.47
2018-04-15,8301.99
2018-04-14,7910.24
2018-04-13,7866.93
2018-04-12,7821.82
2018-04-11,6932.84
2018-04-10,6844.3
2018-04-09,6772.87
2018-04-08,7000.92
2018-04-07,6894.15
2018-04-06,6637.3
2018-04-05,6819.73
2018-04-04,6840.94
2018-04-03,7454.69
2018-04-02,7061.62
2018-04-01,6830.63
2018-03-31,6955.12
2018-03-30,6880.45
2018-03-29,7178.06
2018-03-28,7954.83
2018-03-27,7828.22
2018-03-26,8187.38
2018-03-25,8466.56
2018-03-24,8661.02
2018-03-23,8865.05
2018-03-22,8721.57
2018-03-21,8978.02
2018-03-20,8892.78
2018-03-19,8588.66
2018-03-18,8092.44
2018-03-17,7906.38
2018-03-16,8315.14
2018-03-15,8291.94
2018-03-14,8262.03
2018-03-13,9208.44
2018-03-12,9216.38
2018-03-11,9570.37
2018-03-10,8894.86
2018-03-09,9345.52
2018-03-08,9433.59
2018-03-07,9968.27
2018-03-06,10697.57
2018-03-05,11527.57
2018-03-04,11516.38
2018-03-03,11494.9
2018-03-02,11095.09
2018-03-01,10929.77
2018-02-28,10412.02
2018-02-27,10736.49
2018-02-26,10371.77
2018-02-25,9699.65
2018-02-24,9843.28
2018-02-23,10348.07
2018-02-22,9987.17
2018-02-21,10680.36
2018-02-20,11446.22
2018-02-19,11191.9
2018-02-18,10576.18
2018-02-17,11095.61
2018-02-16,10245.31
2018-02-15,10117.07
2018-02-14,9505.15
2018-02-13,8577.57
2018-02-12,8863.25
2018-02-11,8099.31
2018-02-10,8624.24
2018-02-09,8684.11
2018-02-08,8256.16
2018-02-07,7587.93
2018-02-06,7768.94
2018-02-05,6905.96
2018-02-04,8256.58
2018-02-03,9191.27
2018-02-02,8768.33
2018-02-01,9171.25
2018-01-31,10236.68
2018-01-30,10084.5
2018-01-29,11348.08
2018-01-28,11865.23
2018-01-27,11446.47
2018-01-26,11123.95
2018-01-25,11219.44
2018-01-24,10821.59
2018-01-23,10800.47
2018-01-22,10917.31
2018-01-21,11481.03
2018-01-20,12961.21
2018-01-19,11517.13
2018-01-18,11305.31
2018-01-17,11139.59
2018-01-16,11445.85
2018-01-15,13769.22
2018-01-14,13815.43
2018-01-13,14552.78
2018-01-12,14089.11
2018-01-11,13501.98
2018-01-10,15065.0
2018-01-09,14710.6
2018-01-08,15218.63
2018-01-07,16515.29
2018-01-06,17162.02
2018-01-05,16989.16
2018-01-04,15163.9
2018-01-03,15079.15
2018-01-02,14938.18
2018-01-01,13577.19
2017-12-31,14033.57
2017-12-30,12732.36
2017-12-29,14598.57
2017-12-28,14432.83
2017-12-27,15783.75
2017-12-26,16101.5
2017-12-25,13965.21
2017-12-24,13812.88
2017-12-23,14181.53
2017-12-22,13693.83
2017-12-21,15621.41
2017-12-20,16599.69
2017-12-19,17700.78
2017-12-18,18931.2
2017-12-17,19156.71
2017-12-16,19427.47
2017-12-15,17650.29
2017-12-14,16454.93
2017-12-13,16225.02
2017-12-12,16798.03
2017-12-11,16774.99
2017-12-10,15565.86
2017-12-09,15082.85
2017-12-08,16592.8
2017-12-07,18074.18
2017-12-06,14063.25
2017-12-05,11896.91
2017-12-04,11645.1
2017-12-03,11304.62
2017-12-02,11052.13
2017-12-01,10967.66
2017-11-30,10273.83
2017-11-29,9780.74
2017-11-28,10165.72
2017-11-27,9845.46
2017-11-26,9359.83
2017-11-25,8820.87
2017-11-24,8268.09
2017-11-23,8079.71
2017-11-22,8235.7
2017-11-21,8100.2
2017-11-20,8216.8
2017-11-19,8023.99
2017-11-18,7786.06
2017-11-17,7738.85
2017-11-16,7849.17
2017-11-15,7322.82
2017-11-14,6647.35
2017-11-13,6577.85
2017-11-12,5991.38
2017-11-11,6356.63
2017-11-10,6613.68
2017-11-09,7149.0
2017-11-08,7486.65
2017-11-07,7169.0
2017-11-06,7046.31
2017-11-05,7392.79
2017-11-04,7391.41
2017-11-03,7207.2
2017-11-02,7083.6
2017-11-01,6751.17
2017-10-31,6443.12
2017-10-30,6086.12
2017-10-29,6146.59
2017-10-28,5739.1
2017-10-27,5752.45
2017-10-26,5897.44
2017-10-25,5725.3
2017-10-24,5526.93
2017-10-23,5946.93
2017-10-22,6018.88
2017-10-21,6035.45
2017-10-20,6000.94
2017-10-19,5666.94
2017-10-18,5586.32
2017-10-17,5608.72
2017-10-16,5715.96
2017-10-15,5671.36
2017-10-14,5794.82
2017-10-13,5648.56
2017-10-12,5451.12
2017-10-11,4813.91
2017-10-10,4770.68
2017-10-09,4778.27
2017-10-08,4594.79
2017-10-07,4401.22
2017-10-06,4349.05
2017-10-05,4311.1
2017-10-04,4235.08
2017-10-03,4311.98
2017-10-02,4384.19
2017-10-01,4361.14
2017-09-30,4312.82
2017-09-29,4128.3
2017-09-28,4177.53
2017-09-27,4199.28
2017-09-26,3894.73
2017-09-25,3923.13
2017-09-24,3689.71
2017-09-23,3796.46
2017-09-22,3635.53
2017-09-21,3631.03
2017-09-20,3917.47
2017-09-19,3928.4
2017-09-18,4056.1
2017-09-17,3583.22
2017-09-16,3620.74
2017-09-15,3638.95
2017-09-14,3153.86
2017-09-13,3880.49
2017-09-12,4141.68
2017-09-11,4163.2
2017-09-10,4122.58
2017-09-09,4232.76
2017-09-08,4224.81
2017-09-07,4603.03
2017-09-06,4593.39
2017-09-05,4384.54
2017-09-04,4224.22
2017-09-03,4581.11
2017-09-02,4568.28
2017-09-01,4879.76
2017-08-31,4704.98
2017-08-30,4568.66
2017-08-29,4576.33
2017-08-28,4381.98
2017-08-27,4379.94
2017-08-26,4333.51
2017-08-25,4367.18
2017-08-24,4346.28
2017-08-23,4149.94
2017-08-22,4099.95
2017-08-21,4001.47
2017-08-20,4108.93
2017-08-19,4202.15
2017-08-18,4128.86
2017-08-17,4349.1
2017-08-16,4374.59
2017-08-15,4181.96
2017-08-14,4306.43
2017-08-13,4062.87
2017-08-12,3883.17
2017-08-11,3654.33
2017-08-10,3391.23
2017-08-09,3345.37
2017-08-08,3419.01
2017-08-07,3374.01
2017-08-06,3218.02
2017-08-05,3253.94
2017-08-04,2899.33
2017-08-03,2802.24
2017-08-02,2711.93
2017-08-01,2713.63
2017-07-31,2872.31
2017-07-30,2752.85
2017-07-29,2729.69
2017-07-28,2809.01
2017-07-27,2671.57
2017-07-26,2527.5
2017-07-25,2571.07
2017-07-24,2757.5
2017-07-23,2731.29
2017-07-22,2810.37
2017-07-21,2665.27
2017-07-20,2801.6
2017-07-19,2283.08
2017-07-18,2329.8
2017-07-17,2225.04
2017-07-16,1922.72
2017-07-15,2007.37
2017-07-14,2226.36
2017-07-13,2360.24
2017-07-12,2399.01
2017-07-11,2340.78
2017-07-10,2366.4
2017-07-09,2517.59
2017-07-08,2567.87
2017-07-07,2520.75
2017-07-06,2610.6
2017-07-05,2602.12
2017-07-04,2602.27
2017-07-03,2567.0
2017-07-02,2511.31
2017-07-01,2435.57
2017-06-30,2483.7
2017-06-29,2541.86
2017-06-28,2582.24
2017-06-27,2536.53
2017-06-26,2421.54
2017-06-25,2589.86
2017-06-24,2610.05
2017-06-23,2740.77
2017-06-22,2704.41
2017-06-21,2693.21
2017-06-20,2718.49
2017-06-19,2594.12
2017-06-18,2547.97
2017-06-17,2656.57
2017-06-16,2519.58
2017-06-15,2459.19
2017-06-14,2502.58
2017-06-13,2720.72
2017-06-12,2672.34
2017-06-11,2964.08
2017-06-10,2950.99
2017-06-09,2813.33
2017-06-08,2805.79
2017-06-07,2735.64
2017-06-06,2868.07
2017-06-05,2679.51
2017-06-04,2522.07
2017-06-03,2557.05
2017-06-02,2481.16
2017-06-01,2401.8
2017-05-31,2289.12
2017-05-30,2159.44
2017-05-29,2248.67
2017-05-28,2157.05
2017-05-27,2027.72
2017-05-26,2204.82
2017-05-25,2323.44
2017-05-24,2447.51
2017-05-23,2320.82
2017-05-22,2149.53
2017-05-21,2042.66
2017-05-20,2075.53
2017-05-19,1985.77
2017-05-18,1900.26
2017-05-17,1828.84
2017-05-16,1735.58
2017-05-15,1741.64
2017-05-14,1804.8
2017-05-13,1796.03
2017-05-12,1723.97
2017-05-11,1847.56
2017-05-10,1780.69
2017-05-09,1754.51
2017-05-08,1723.03
2017-05-07,1596.72
2017-05-06,1578.7
2017-05-05,1555.89
2017-05-04,1533.93
2017-05-03,1488.82
2017-05-02,1452.84
2017-05-01,1422.5
2017-04-30,1347.91
2017-04-29,1321.53
2017-04-28,1316.84
2017-04-27,1317.93
2017-04-26,1281.09
2017-04-25,1265.3
2017-04-24,1250.35
2017-04-23,1206.77
2017-04-22,1232.13
2017-04-21,1221.54
2017-04-20,1229.01
2017-04-19,1209.93
2017-04-18,1211.68
2017-04-17,1193.99
2017-04-16,1183.19
2017-04-15,1172.48
2017-04-14,1167.81
2017-04-13,1169.01
2017-04-12,1200.85
2017-04-11,1205.76
2017-04-10,1186.58
2017-04-09,1188.05
2017-04-08,1175.65
2017-04-07,1176.21
2017-04-06,1183.28
2017-04-05,1124.33
2017-04-04,1132.8
2017-04-03,1142.26
2017-04-02,1102.04
2017-04-01,1080.28
2017-03-31,1071.45
2017-03-30,1026.28
2017-03-29,1039.68
2017-03-28,1047.49
2017-03-27,1046.4
2017-03-26,964.91
2017-03-25,974.8
2017-03-24,935.19
2017-03-23,1038.33
2017-03-22,1049.38
2017-03-21,1119.92
2017-03-20,1053.31
2017-03-19,1038.05
2017-03-18,973.31
2017-03-17,1099.57
2017-03-16,1188.54
2017-03-15,1249.56
2017-03-14,1240.06
2017-03-13,1231.75
2017-03-12,1221.39
2017-03-11,1175.21
2017-03-10,1116.42
2017-03-09,1188.35
2017-03-08,1151.83
2017-03-07,1223.8
2017-03-06,1272.72
2017-03-05,1267.29
2017-03-04,1255.71
2017-03-03,1275.14
2017-03-02,1251.35
2017-03-01,1221.42
2017-02-28,1179.74
2017-02-27,1179.03
2017-02-26,1165.57
2017-02-25,1143.13
2017-02-24,1173.85
2017-02-23,1174.63
2017-02-22,1117.7
2017-02-21,1115.23
2017-02-20,1080.49
2017-02-19,1047.73
2017-02-18,1054.16
2017-02-17,1047.24
2017-02-16,1027.56
2017-02-15,1007.42
2017-02-14,1004.58
2017-02-13,991.03
2017-02-12,999.1
2017-02-11,1004.15
2017-02-10,989.84
2017-02-09,992.93
2017-02-08,1062.99
2017-02-07,1061.26
2017-02-06,1037.75
2017-02-05,1028.34
2017-02-04,1042.56
2017-02-03,1028.74
2017-02-02,1011.67
2017-02-01,989.11
2017-01-31,970.55
2017-01-30,920.73
2017-01-29,919.52
2017-01-28,921.58
2017-01-27,919.76
2017-01-26,917.79
2017-01-25,901.3
2017-01-24,892.29
2017-01-23,921.6
2017-01-22,923.61
2017-01-21,921.81
2017-01-20,895.04
2017-01-19,899.44
2017-01-18,882.97
2017-01-17,907.35
2017-01-16,831.33
2017-01-15,821.83
2017-01-14,818.72
2017-01-13,822.84
2017-01-12,805.33
2017-01-11,778.89
2017-01-10,907.59
2017-01-09,903.3
2017-01-08,909.92
2017-01-07,908.57
2017-01-06,902.2
2017-01-05,1010.62
2017-01-04,1153.54
2017-01-03,1044.08
2017-01-02,1021.79
2017-01-01,997.78
2016-12-31,963.6
2016-12-30,961.11
2016-12-29,973.59
2016-12-28,975.78
2016-12-27,932.65
2016-12-26,907.04
2016-12-25,896.59
2016-12-24,898.51
2016-12-23,921.47
2016-12-22,864.86
2016-12-21,832.07
2016-12-20,801.19
2016-12-19,792.83
2016-12-18,790.25
2016-12-17,790.81
2016-12-16,784.9
2016-12-15,778.29
2016-12-14,781.2
2016-12-13,781.58
2016-12-12,780.18
2016-12-11,769.49
2016-12-10,774.65
2016-12-09,772.61
2016-12-08,770.96
2016-12-07,768.15
2016-12-06,764.22
2016-12-05,758.67
2016-12-04,773.52
2016-12-03,771.11
2016-12-02,777.71
2016-12-01,756.53
2016-11-30,745.72
2016-11-29,735.7
2016-11-28,735.77
2016-11-27,731.98
2016-11-26,735.61
2016-11-25,741.62
2016-11-24,740.45
2016-11-23,744.58
2016-11-22,751.36
2016-11-21,739.58
2016-11-20,731.0
2016-11-19,751.48
2016-11-18,751.78
2016-11-17,741.35
2016-11-16,744.25
2016-11-15,711.62
2016-11-14,704.59
2016-11-13,702.09
2016-11-12,705.07
2016-11-11,716.42
2016-11-10,715.46
2016-11-09,723.15
2016-11-08,710.08
2016-11-07,702.88
2016-11-06,711.75
2016-11-05,703.45
2016-11-04,703.36
2016-11-03,688.37
2016-11-02,739.18
2016-11-01,729.59
2016-10-31,701.02
2016-10-30,701.86
2016-10-29,714.68
2016-10-28,689.53
2016-10-27,687.94
2016-10-26,678.49
2016-10-25,657.24
2016-10-24,653.94
2016-10-23,656.9
2016-10-22,656.81
2016-10-21,632.9
2016-10-20,630.99
2016-10-19,630.55
2016-10-18,637.93
2016-10-17,639.2
2016-10-16,641.4
2016-10-15,638.47
2016-10-14,640.31
2016-10-13,636.68
2016-10-12,636.22
2016-10-11,641.51
2016-10-10,618.79
2016-10-09,616.61
2016-10-08,619.07
2016-10-07,617.0
2016-10-06,613.03
2016-10-05,612.54
2016-10-04,610.16
2016-10-03,612.07
2016-10-02,610.93
2016-10-01,613.97
2016-09-30,609.67
2016-09-29,605.6
2016-09-28,604.8
2016-09-27,606.14
2016-09-26,608.14
2016-09-25,600.86
2016-09-24,602.57
2016-09-23,602.86
2016-09-22,596.25
2016-09-21,597.08
2016-09-20,609.1
2016-09-19,609.22
2016-09-18,609.91
2016-09-17,606.14
2016-09-16,606.97
2016-09-15,607.26
2016-09-14,610.75
2016-09-13,609.08
2016-09-12,608.05
2016-09-11,606.53
2016-09-10,623.56
2016-09-09,622.92
2016-09-08,626.43
2016-09-07,614.54
2016-09-06,610.4
2016-09-05,606.54
2016-09-04,608.48
2016-09-03,597.92
2016-09-02,575.54
2016-09-01,572.28
2016-08-31,575.33
2016-08-30,577.37
2016-08-29,574.08
2016-08-28,573.9
2016-08-27,570.16
2016-08-26,579.58
2016-08-25,577.83
2016-08-24,580.12
2016-08-23,583.57
2016-08-22,586.84
2016-08-21,581.42
2016-08-20,581.72
2016-08-19,575.71
2016-08-18,574.18
2016-08-17,573.36
2016-08-16,577.35
2016-08-15,567.11
2016-08-14,570.39
2016-08-13,585.54
2016-08-12,587.63
2016-08-11,589.36
2016-08-10,591.84
2016-08-09,588.02
2016-08-08,590.97
2016-08-07,592.63
2016-08-06,587.76
2016-08-05,575.24
2016-08-04,578.27
2016-08-03,566.43
2016-08-02,543.94
2016-08-01,605.97
2016-07-31,625.04
2016-07-30,655.06
2016-07-29,656.94
2016-07-28,655.11
2016-07-27,654.31
2016-07-26,652.12
2016-07-25,653.95
2016-07-24,661.21
2016-07-23,655.61
2016-07-22,650.52
2016-07-21,665.12
2016-07-20,665.82
2016-07-19,672.91
2016-07-18,673.4
2016-07-17,678.84
2016-07-16,662.21
2016-07-15,663.85
2016-07-14,657.79
2016-07-13,655.67
2016-07-12,664.55
2016-07-11,647.68
2016-07-10,649.73
2016-07-09,650.91
2016-07-08,666.71
2016-07-07,639.67
2016-07-06,677.03
2016-07-05,670.54
2016-07-04,683.35
2016-07-03,657.34
2016-07-02,703.29
2016-07-01,675.96
2016-06-30,674.04
2016-06-29,639.74
2016-06-28,647.11
2016-06-27,649.13
2016-06-26,630.06
2016-06-25,665.34
2016-06-24,666.95
2016-06-23,623.86
2016-06-22,588.22
2016-06-21,665.9
2016-06-20,737.32
2016-06-19,763.38
2016-06-18,756.48
2016-06-17,749.35
2016-06-16,766.15
2016-06-15,694.05
2016-06-14,685.82
2016-06-13,704.29
2016-06-12,672.28
2016-06-11,607.12
2016-06-10,577.57
2016-06-09,574.65
2016-06-08,581.8
2016-06-07,576.53
2016-06-06,585.49
2016-06-05,575.04
2016-06-04,573.18
2016-06-03,569.1
2016-06-02,538.02
2016-06-01,537.86
2016-05-31,531.43
2016-05-30,534.7
2016-05-29,525.58
2016-05-28,530.62
2016-05-27,473.73
2016-05-26,453.38
2016-05-25,449.54
2016-05-24,446.04
2016-05-23,444.28
2016-05-22,439.44
2016-05-21,443.23
2016-05-20,442.45
2016-05-19,439.63
2016-05-18,454.69
2016-05-17,453.81
2016-05-16,454.3
2016-05-15,457.66
2016-05-14,455.67
2016-05-13,455.68
2016-05-12,454.73
2016-05-11,452.67
2016-05-10,450.65
2016-05-09,460.45
2016-05-08,458.6
2016-05-07,458.42
2016-05-06,459.74
2016-05-05,447.99
2016-05-04,446.72
2016-05-03,450.32
2016-05-02,444.6
2016-05-01,451.68
2016-04-30,448.22
2016-04-29,455.23
2016-04-28,449.06
2016-04-27,444.13
2016-04-26,466.18
2016-04-25,462.3
2016-04-24,458.66
2016-04-23,450.15
2016-04-22,445.67
2016-04-21,449.31
2016-04-20,441.37
2016-04-19,435.55
2016-04-18,428.52
2016-04-17,427.27
2016-04-16,430.42
2016-04-15,429.75
2016-04-14,424.15
2016-04-13,423.76
2016-04-12,425.33
2016-04-11,422.38
2016-04-10,421.51
2016-04-09,419.34
2016-04-08,420.25
2016-04-07,422.65
2016-04-06,423.26
2016-04-05,423.99
2016-04-04,421.49
2016-04-03,420.86
2016-04-02,420.83
2016-04-01,417.82
2016-03-31,416.78
2016-03-30,414.87
2016-03-29,416.46
2016-03-28,424.1
2016-03-27,426.82
2016-03-26,417.93
2016-03-25,417.22
2016-03-24,416.39
2016-03-23,418.01
2016-03-22,418.02
2016-03-21,413.3
2016-03-20,414.01
2016-03-19,410.52
2016-03-18,409.64
2016-03-17,420.65
2016-03-16,417.08
2016-03-15,416.7
2016-03-14,416.38
2016-03-13,414.1
2016-03-12,411.8
2016-03-11,421.57
2016-03-10,417.12
2016-03-09,414.8
2016-03-08,414.05
2016-03-07,414.48
2016-03-06,407.61
2016-03-05,400.85
2016-03-04,411.33
2016-03-03,421.52
2016-03-02,424.57
2016-03-01,435.1
2016-02-29,438.16
2016-02-28,433.55
2016-02-27,432.6
2016-02-26,431.01
2016-02-25,424.58
2016-02-24,425.1
2016-02-23,420.5
2016-02-22,437.12
2016-02-21,438.67
2016-02-20,438.33
2016-02-19,420.8
2016-02-18,422.29
2016-02-17,416.31
2016-02-16,407.52
2016-02-15,400.36
2016-02-14,407.15
2016-02-13,390.82
2016-02-12,384.17
2016-02-11,379.58
2016-02-10,381.61
2016-02-09,376.07
2016-02-08,373.4
2016-02-07,376.57
2016-02-06,376.48
2016-02-05,386.19
2016-02-04,389.59
2016-02-03,369.99
2016-02-02,374.44
2016-02-01,372.94
2016-01-31,368.66
2016-01-30,378.18
2016-01-29,379.89
2016-01-28,380.32
2016-01-27,395.11
2016-01-26,392.41
2016-01-25,391.87
2016-01-24,403.2
2016-01-23,387.76
2016-01-22,382.15
2016-01-21,408.95
2016-01-20,421.78
2016-01-19,380.69
2016-01-18,386.95
2016-01-17,382.77
2016-01-16,387.7
2016-01-15,365.66
2016-01-14,430.36
2016-01-13,432.37
2016-01-12,439.52
2016-01-11,448.45
2016-01-10,447.7
2016-01-09,447.59
2016-01-08,453.35
2016-01-07,458.65
2016-01-06,430.23
2016-01-05,431.94
2016-01-04,433.12
2016-01-03,429.88
2016-01-02,433.31
2016-01-01,433.97
2015-12-31,430.54
2015-12-30,426.37
2015-12-29,432.34
2015-12-28,422.34
2015-12-27,422.22
2015-12-26,417.87
2015-12-25,455.52
2015-12-24,455.1
2015-12-23,442.11
2015-12-22,437.28
2015-12-21,438.56
2015-12-20,442.36
2015-12-19,462.13
2015-12-18,463.67
2015-12-17,456.32
2015-12-16,454.78
2015-12-15,464.11
2015-12-14,444.36
2015-12-13,434.39
2015-12-12,435.86
2015-12-11,450.68
2015-12-10,415.61
2015-12-09,417.25
2015-12-08,413.11
2015-12-07,395.69
2015-12-06,391.64
2015-12-05,388.87
2015-12-04,363.08
2015-12-03,361.13
2015-12-02,358.83
2015-12-01,362.39
2015-11-30,377.33
2015-11-29,371.42
2015-11-28,356.92
2015-11-27,358.43
2015-11-26,355.14
2015-11-25,328.39
2015-11-24,320.04
2015-11-23,323.01
2015-11-22,324.22
2015-11-21,326.65
2015-11-20,322.16
2015-11-19,326.05
2015-11-18,334.33
2015-11-17,335.04
2015-11-16,330.71
2015-11-15,320.23
2015-11-14,332.78
2015-11-13,336.25
2015-11-12,338.85
2015-11-11,311.0
2015-11-10,336.63
2015-11-09,381.34
2015-11-08,372.32
2015-11-07,386.92
2015-11-06,373.86
2015-11-05,387.64
2015-11-04,408.89
2015-11-03,401.15
2015-11-02,360.63
2015-11-01,325.73
2015-10-31,314.04
2015-10-30,328.02
2015-10-29,313.81
2015-10-28,304.86
2015-10-27,293.74
2015-10-26,285.29
2015-10-25,283.12
2015-10-24,281.71
2015-10-23,276.52
2015-10-22,273.88
2015-10-21,266.32
2015-10-20,269.46
2015-10-19,263.47
2015-10-18,261.69
2015-10-17,271.09
2015-10-16,262.61
2015-10-15,254.38
2015-10-14,252.08
2015-10-13,249.33
2015-10-12,245.32
2015-10-11,247.13
2015-10-10,244.88
2015-10-09,243.95
2015-10-08,242.4
2015-10-07,242.88
2015-10-06,246.04
2015-10-05,240.24
2015-10-04,238.2
2015-10-03,238.79
2015-10-02,237.32
2015-10-01,237.55
2015-09-30,236.08
2015-09-29,236.55
2015-09-28,239.17
2015-09-27,232.75
2015-09-26,234.38
2015-09-25,235.21
2015-09-24,234.54
2015-09-23,230.3
2015-09-22,230.59
2015-09-21,226.89
2015-09-20,231.15
2015-09-19,231.49
2015-09-18,233.03
2015-09-17,229.81
2015-09-16,229.06
2015-09-15,230.38
2015-09-14,230.66
2015-09-13,230.81
2015-09-12,235.18
2015-09-11,240.17
2015-09-10,238.6
2015-09-09,238.1
2015-09-08,243.62
2015-09-07,240.09
2015-09-06,239.94
2015-09-05,235.05
2015-09-04,230.39
2015-09-03,227.06
2015-09-02,229.23
2015-09-01,228.05
2015-08-31,230.18
2015-08-30,228.48
2015-08-29,229.79
2015-08-28,231.48
2015-08-27,224.56
2015-08-26,225.82
2015-08-25,221.68
2015-08-24,211.39
2015-08-23,228.38
2015-08-22,230.48
2015-08-21,232.76
2015-08-20,235.41
2015-08-19,226.72
2015-08-18,213.16
2015-08-17,257.95
2015-08-16,258.51
2015-08-15,261.5
2015-08-14,265.78
2015-08-13,263.98
2015-08-12,266.36
2015-08-11,270.29
2015-08-10,264.4
2015-08-09,265.02
2015-08-08,260.77
2015-08-07,279.41
2015-08-06,278.66
2015-08-05,281.87
2015-08-04,285.3
2015-08-03,281.63
2015-08-02,282.62
2015-08-01,282.01
2015-07-31,284.5
2015-07-30,287.86
2015-07-29,289.59
2015-07-28,294.41
2015-07-27,293.65
2015-07-26,292.63
2015-07-25,288.76
2015-07-24,288.4
2015-07-23,276.06
2015-07-22,277.26
2015-07-21,276.23
2015-07-20,278.4
2015-07-19,273.47
2015-07-18,274.72
2015-07-17,279.54
2015-07-16,278.09
2015-07-15,286.08
2015-07-14,287.76
2015-07-13,292.31
2015-07-12,311.02
2015-07-11,293.16
2015-07-10,285.11
2015-07-09,269.46
2015-07-08,270.6
2015-07-07,266.68
2015-07-06,269.05
2015-07-05,271.82
2015-07-04,260.97
2015-07-03,256.21
2015-07-02,255.5
2015-07-01,258.65
2015-06-30,263.11
2015-06-29,257.02
2015-06-28,248.99
2015-06-27,251.08
2015-06-26,243.6
2015-06-25,242.69
2015-06-24,240.53
2015-06-23,244.35
2015-06-22,247.0
2015-06-21,243.95
2015-06-20,245.23
2015-06-19,244.52
2015-06-18,248.87
2015-06-17,248.92
2015-06-16,250.43
2015-06-15,236.86
2015-06-14,233.55
2015-06-13,232.3
2015-06-12,230.06
2015-06-11,229.69
2015-06-10,228.84
2015-06-09,229.1
2015-06-08,228.54
2015-06-07,223.39
2015-06-06,225.62
2015-06-05,224.97
2015-06-04,224.27
2015-06-03,225.8
2015-06-02,225.83
2015-06-01,222.93
2015-05-31,229.97
2015-05-30,233.5
2015-05-29,237.12
2015-05-28,237.4
2015-05-27,237.28
2015-05-26,237.25
2015-05-25,237.1
2015-05-24,240.95
2015-05-23,238.92
2015-05-22,240.46
2015-05-21,235.35
2015-05-20,233.96
2015-05-19,231.94
2015-05-18,232.98
2015-05-17,236.8
2015-05-16,236.19
2015-05-15,237.59
2015-05-14,236.89
2015-05-13,236.53
2015-05-12,241.49
2015-05-11,241.95
2015-05-10,240.49
2015-05-09,242.02
2015-05-08,243.94
2015-05-07,237.13
2015-05-06,229.44
2015-05-05,236.12
2015-05-04,239.0
2015-05-03,240.38
2015-05-02,235.03
2015-05-01,232.16
2015-04-30,236.0
2015-04-29,226.0
2015-04-28,225.75
2015-04-27,229.22
2015-04-26,219.39
2015-04-25,226.48
2015-04-24,231.22
2015-04-23,236.47
2015-04-22,233.88
2015-04-21,234.46
2015-04-20,224.65
2015-04-19,222.6
2015-04-18,223.42
2015-04-17,222.95
2015-04-16,228.62
2015-04-15,223.66
2015-04-14,219.16
2015-04-13,224.81
2015-04-12,236.07
2015-04-11,236.64
2015-04-10,235.88
2015-04-09,243.74
2015-04-08,245.08
2015-04-07,253.45
2015-04-06,255.53
2015-04-05,260.45
2015-04-04,253.83
2015-04-03,254.32
2015-04-02,253.02
2015-04-01,247.29
2015-03-31,244.14
2015-03-30,247.66
2015-03-29,242.64
2015-03-28,252.89
2015-03-27,247.07
2015-03-26,248.48
2015-03-25,246.08
2015-03-24,245.06
2015-03-23,266.68
2015-03-22,267.97
2015-03-21,260.02
2015-03-20,261.83
2015-03-19,260.74
2015-03-18,256.65
2015-03-17,285.46
2015-03-16,290.52
2015-03-15,285.61
2015-03-14,282.24
2015-03-13,286.53
2015-03-12,294.73
2015-03-11,296.47
2015-03-10,291.7
2015-03-09,289.86
2015-03-08,274.38
2015-03-07,276.18
2015-03-06,272.6
2015-03-05,275.97
2015-03-04,273.46
2015-03-03,281.7
2015-03-02,275.6
2015-03-01,260.37
2015-02-28,254.27
2015-02-27,253.83
2015-02-26,236.56
2015-02-25,237.38
2015-02-24,238.79
2015-02-23,238.7
2015-02-22,236.15
2015-02-21,244.38
2015-02-20,244.08
2015-02-19,240.7
2015-02-18,236.22
2015-02-17,243.45
2015-02-16,233.71
2015-02-15,233.7
2015-02-14,257.75
2015-02-13,235.49
2015-02-12,221.61
2015-02-11,219.0
2015-02-10,220.05
2015-02-09,219.84
2015-02-08,223.3
2015-02-07,227.72
2015-02-06,222.24
2015-02-05,216.97
2015-02-04,226.15
2015-02-03,227.13
2015-02-02,238.47
2015-02-01,227.0
2015-01-31,217.8
2015-01-30,225.84
2015-01-29,233.52
2015-01-28,233.65
2015-01-27,263.92
2015-01-26,273.39
2015-01-25,253.48
2015-01-24,247.86
2015-01-23,232.91
2015-01-22,232.83
2015-01-21,226.88
2015-01-20,211.26
2015-01-19,214.76
2015-01-18,210.59
2015-01-17,199.28
2015-01-16,207.83
2015-01-15,210.48
2015-01-14,178.79
2015-01-13,222.97
2015-01-12,267.94
2015-01-11,267.88
2015-01-10,274.7
2015-01-09,290.41
2015-01-08,283.5
2015-01-07,293.91
2015-01-06,285.83
2015-01-05,274.57
2015-01-04,264.2
2015-01-03,284.23
2015-01-02,315.21
2015-01-01,314.14
2014-12-31,319.98
2014-12-30,310.61
2014-12-29,312.31
2014-12-28,317.51
2014-12-27,315.63
2014-12-26,328.52
2014-12-25,319.0
2014-12-24,322.77
2014-12-23,334.7
2014-12-22,331.9
2014-12-21,320.9
2014-12-20,329.37
2014-12-19,317.68
2014-12-18,311.63
2014-12-17,319.31
2014-12-16,328.55
2014-12-15,345.18
2014-12-14,351.71
2014-12-13,347.56
2014-12-12,352.54
2014-12-11,350.51
2014-12-10,347.33
2014-12-09,351.58
2014-12-08,361.89
2014-12-07,375.16
2014-12-06,374.78
2014-12-05,376.62
2014-12-04,369.07
2014-12-03,375.22
2014-12-02,381.71
2014-12-01,379.37
2014-11-30,378.24
2014-11-29,375.53
2014-11-28,377.01
2014-11-27,369.54
2014-11-26,367.07
2014-11-25,375.0
2014-11-24,376.63
2014-11-23,367.97
2014-11-22,353.27
2014-11-21,351.33
2014-11-20,357.8
2014-11-19,380.64
2014-11-18,375.0
2014-11-17,387.72
2014-11-16,388.31
2014-11-15,377.44
2014-11-14,397.55
2014-11-13,418.36
2014-11-12,421.39
2014-11-11,367.78
2014-11-10,365.66
2014-11-09,363.01
2014-11-08,345.68
2014-11-07,342.48
2014-11-06,349.49
2014-11-05,339.69
2014-11-04,330.72
2014-11-03,327.5
2014-11-02,326.0
2014-11-01,324.77
2014-10-31,338.59
2014-10-30,344.88
2014-10-29,335.68
2014-10-28,357.39
2014-10-27,353.18
2014-10-26,354.68
2014-10-25,346.65
2014-10-24,358.48
2014-10-23,359.05
2014-10-22,383.19
2014-10-21,386.15
2014-10-20,382.48
2014-10-19,390.54
2014-10-18,391.56
2014-10-17,383.8
2014-10-16,382.83
2014-10-15,394.73
2014-10-14,401.36
2014-10-13,390.2
2014-10-12,379.17
2014-10-11,363.04
2014-10-10,360.58
2014-10-09,364.51
2014-10-08,353.45
2014-10-07,336.72
2014-10-06,329.39
2014-10-05,321.77
2014-10-04,328.89
2014-10-03,360.0
2014-10-02,375.08
2014-10-01,383.62
2014-09-30,387.14
2014-09-29,375.67
2014-09-28,377.06
2014-09-27,399.2
2014-09-26,403.95
2014-09-25,411.69
2014-09-24,422.8
2014-09-23,435.96
2014-09-22,402.19
2014-09-21,398.64
2014-09-20,409.56
2014-09-19,394.71
2014-09-18,424.23
2014-09-17,457.38
2014-09-16,465.95
2014-09-15,475.43
2014-09-14,477.75
2014-09-13,478.88
2014-09-12,477.59
2014-09-11,479.64
2014-09-10,478.8
2014-09-09,475.5
2014-09-08,474.79
2014-09-07,482.63
2014-09-06,485.02
2014-09-05,483.12
2014-09-04,490.11
2014-09-03,477.55
2014-09-02,477.51
2014-09-01,475.73
2014-08-31,477.33
2014-08-30,504.4
2014-08-29,508.57
2014-08-28,507.37
2014-08-27,510.92
2014-08-26,511.67
2014-08-25,502.65
2014-08-24,508.07
2014-08-23,498.42
2014-08-22,514.68
2014-08-21,517.15
2014-08-20,513.22
2014-08-19,483.47
2014-08-18,461.42
2014-08-17,492.63
2014-08-16,520.18
2014-08-15,497.25
2014-08-14,505.97
2014-08-13,546.08
2014-08-12,569.59
2014-08-11,576.6
2014-08-10,591.01
2014-08-09,589.26
2014-08-08,592.62
2014-08-07,588.78
2014-08-06,584.63
2014-08-05,585.17
2014-08-04,588.72
2014-08-03,585.62
2014-08-02,589.41
2014-08-01,594.91
2014-07-31,586.24
2014-07-30,566.85
2014-07-29,584.68
2014-07-28,585.76
2014-07-27,594.32
2014-07-26,595.99
2014-07-25,601.61
2014-07-24,601.24
2014-07-23,619.34
2014-07-22,621.41
2014-07-21,622.03
2014-07-20,623.99
2014-07-19,628.63
2014-07-18,629.21
2014-07-17,622.99
2014-07-16,616.93
2014-07-15,622.05
2014-07-14,619.88
2014-07-13,626.52
2014-07-12,634.28
2014-07-11,632.09
2014-07-10,616.84
2014-07-09,624.53
2014-07-08,624.82
2014-07-07,624.09
2014-07-06,635.81
2014-07-05,631.46
2014-07-04,630.69
2014-07-03,645.16
2014-07-02,650.88
2014-07-01,640.81
2014-06-30,639.8
2014-06-29,602.72
2014-06-28,596.55
2014-06-27,597.26
2014-06-26,581.14
2014-06-25,566.34
2014-06-24,582.36
2014-06-23,593.98
2014-06-22,602.27
2014-06-21,594.99
2014-06-20,594.15
2014-06-19,598.07
2014-06-18,607.96
2014-06-17,610.86
2014-06-16,592.19
2014-06-15,592.94
2014-06-14,577.36
2014-06-13,600.16
2014-06-12,586.95
2014-06-11,633.02
2014-06-10,653.15
2014-06-09,649.16
2014-06-08,656.14
2014-06-07,654.97
2014-06-06,653.7
2014-06-05,659.26
2014-06-04,641.61
2014-06-03,667.61
2014-06-02,660.62
2014-06-01,630.23
2014-05-31,623.68
2014-05-30,615.33
2014-05-29,568.18
2014-05-28,577.06
2014-05-27,571.24
2014-05-26,583.42
2014-05-25,571.59
2014-05-24,525.14
2014-05-23,520.22
2014-05-22,524.58
2014-05-21,491.77
2014-05-20,485.72
2014-05-19,446.18
2014-05-18,446.26
2014-05-17,448.9
2014-05-16,448.06
2014-05-15,447.25
2014-05-14,443.97
2014-05-13,440.67
2014-05-12,441.46
2014-05-11,438.89
2014-05-10,454.43
2014-05-09,449.46
2014-05-08,440.17
2014-05-07,438.82
2014-05-06,428.96
2014-05-05,433.48
2014-05-04,436.4
2014-05-03,437.76
2014-05-02,449.38
2014-05-01,457.76
2014-04-30,447.64
2014-04-29,447.21
2014-04-28,440.29
2014-04-27,436.39
2014-04-26,458.6
2014-04-25,461.45
2014-04-24,500.46
2014-04-23,491.3
2014-04-22,487.92
2014-04-21,495.77
2014-04-20,498.17
2014-04-19,501.56
2014-04-18,479.64
2014-04-17,495.96
2014-04-16,527.39
2014-04-15,515.59
2014-04-14,458.79
2014-04-13,414.06
2014-04-12,421.12
2014-04-11,420.95
2014-04-10,365.18
2014-04-09,442.73
2014-04-08,453.09
2014-04-07,449.42
2014-04-06,460.5
2014-04-05,461.91
2014-04-04,447.53
2014-04-03,444.72
2014-04-02,437.14
2014-04-01,478.38
2014-03-31,457.0
2014-03-30,460.27
2014-03-29,491.17
2014-03-28,495.67
2014-03-27,471.24
2014-03-26,580.83
2014-03-25,583.92
2014-03-24,583.41
2014-03-23,561.27
2014-03-22,565.04
2014-03-21,571.49
2014-03-20,588.77
2014-03-19,609.89
2014-03-18,614.83
2014-03-17,622.37
2014-03-16,631.11
2014-03-15,636.12
2014-03-14,628.8
2014-03-13,638.14
2014-03-12,632.1
2014-03-11,634.11
2014-03-10,627.79
2014-03-09,636.96
2014-03-08,617.45
2014-03-07,629.15
2014-03-06,663.86
2014-03-05,665.51
2014-03-04,666.78
2014-03-03,667.76
2014-03-02,559.79
2014-03-01,565.61
2014-02-28,549.26
2014-02-27,578.77
2014-02-26,582.69
2014-02-25,538.71
2014-02-24,546.32
2014-02-23,605.82
2014-02-22,605.42
2014-02-21,574.16
2014-02-20,556.14
2014-02-19,623.03
2014-02-18,626.6
2014-02-17,626.27
2014-02-16,616.63
2014-02-15,650.92
2014-02-14,661.99
2014-02-13,605.24
2014-02-12,651.72
2014-02-11,672.17
2014-02-10,681.03
2014-02-09,682.9
2014-02-08,673.92
2014-02-07,712.4
2014-02-06,781.55
2014-02-05,811.91
2014-02-04,827.96
2014-02-03,823.83
2014-02-02,825.37
2014-02-01,832.58
2014-01-31,829.92
2014-01-30,819.03
2014-01-29,826.0
2014-01-28,812.51
2014-01-27,771.39
2014-01-26,885.28
2014-01-25,853.61
2014-01-24,797.07
2014-01-23,822.04
2014-01-22,845.59
2014-01-21,863.91
2014-01-20,870.2
2014-01-19,870.96
2014-01-18,840.0
2014-01-17,814.64
2014-01-16,835.63
2014-01-15,860.9
2014-01-14,833.27
2014-01-13,841.2
2014-01-12,863.22
2014-01-11,913.95
2014-01-10,868.48
2014-01-09,846.86
2014-01-08,842.72
2014-01-07,802.0
2014-01-06,953.29
2014-01-05,933.53
2014-01-04,859.51
2014-01-03,818.72
2014-01-02,802.39
2014-01-01,771.4
2013-12-31,754.01
2013-12-30,756.13
2013-12-29,745.05
2013-12-28,727.83
2013-12-27,735.07
2013-12-26,761.98
2013-12-25,682.21
2013-12-24,665.58
2013-12-23,673.41
2013-12-22,617.18
2013-12-21,605.66
2013-12-20,625.32
2013-12-19,691.96
2013-12-18,522.7
2013-12-17,682.12
2013-12-16,705.97
2013-12-15,876.12
2013-12-14,872.6
2013-12-13,892.58
2013-12-12,873.26
2013-12-11,878.48
2013-12-10,988.51
2013-12-09,893.19
2013-12-08,795.87
2013-12-07,698.23
2013-12-06,829.45
2013-12-05,1045.11
2013-12-04,1151.17
2013-12-03,1078.28
2013-12-02,1043.33
2013-12-01,955.85
2013-11-30,1129.43
2013-11-29,1131.97
2013-11-28,1031.95
2013-11-27,1001.96
2013-11-26,928.1
2013-11-25,799.11
2013-11-24,774.25
2013-11-23,797.82
2013-11-22,771.44
2013-11-21,722.43
2013-11-20,590.83
2013-11-19,584.61
2013-11-18,703.56
2013-11-17,492.11
2013-11-16,440.22
2013-11-15,417.95
2013-11-14,420.2
2013-11-13,407.37
2013-11-12,360.33
2013-11-11,342.44
2013-11-10,326.62
2013-11-09,339.11
2013-11-08,338.11
2013-11-07,296.41
2013-11-06,262.5
2013-11-05,245.24
2013-11-04,229.1
2013-11-03,215.05
2013-11-02,206.22
2013-11-01,206.18
2013-10-31,204.0
2013-10-30,199.97
2013-10-29,204.39
2013-10-28,198.55
2013-10-27,196.44
2013-10-26,177.32
2013-10-25,186.69
2013-10-24,198.23
2013-10-23,213.62
2013-10-22,193.76
2013-10-21,182.21
2013-10-20,174.61
2013-10-19,172.42
2013-10-18,155.96
2013-10-17,146.25
2013-10-16,142.55
2013-10-15,145.24
2013-10-14,140.52
2013-10-13,138.13
2013-10-12,135.19
2013-10-11,130.9
2013-10-10,130.59
2013-10-09,130.69
2013-10-08,126.0
2013-10-07,126.94
2013-10-06,129.0
2013-10-05,128.55
2013-10-04,129.01
2013-10-03,123.63
2013-10-02,114.13
2013-10-01,132.18
2013-09-30,133.0
2013-09-29,137.34
2013-09-28,134.78
2013-09-27,133.78
2013-09-26,128.38
2013-09-25,128.22
2013-09-24,127.25
2013-09-23,125.95
2013-09-22,129.12
2013-09-21,127.43
2013-09-20,127.04
2013-09-19,129.65
2013-09-18,131.47
2013-09-17,131.66
2013-09-16,131.72
2013-09-15,130.37
2013-09-14,129.22
2013-09-13,134.98
2013-09-12,133.13
2013-09-11,135.25
2013-09-10,125.91
2013-09-09,127.11
2013-09-08,121.66
2013-09-07,124.15
2013-09-06,119.15
2013-09-05,126.43
2013-09-04,126.74
2013-09-03,136.77
2013-09-02,135.85
2013-09-01,138.34
2013-08-31,135.35
2013-08-30,133.49
2013-08-29,122.39
2013-08-28,122.62
2013-08-27,126.5
2013-08-26,120.06
2013-08-25,122.11
2013-08-24,120.05
2013-08-23,118.5
2013-08-22,121.15
2013-08-21,123.3
2013-08-20,121.2
2013-08-19,119.0
2013-08-18,113.5
2013-08-17,113.5
2013-08-16,108.99
2013-08-15,109.99
2013-08-14,112.56
2013-08-13,109.0
2013-08-12,106.64
2013-08-11,105.0
2013-08-10,103.0
2013-08-09,102.8
2013-08-08,103.0
2013-08-07,106.75
2013-08-06,106.75
2013-08-05,106.22
2013-08-04,105.14
2013-08-03,104.0
2013-08-02,104.5
2013-08-01,104.0
2013-07-31,106.09
2013-07-30,107.99
2013-07-29,101.2
2013-07-28,99.76
2013-07-27,94.12
2013-07-26,96.02
2013-07-25,96.9
2013-07-24,94.51
2013-07-23,95.56
2013-07-22,91.61
2013-07-21,90.76
2013-07-20,89.39
2013-07-19,92.17
2013-07-18,90.58
2013-07-17,98.5
2013-07-16,97.45
2013-07-15,98.4
2013-07-14,94.69
2013-07-13,98.13
2013-07-12,93.59
2013-07-11,88.98
2013-07-10,86.76
2013-07-09,76.69
2013-07-08,76.52
2013-07-07,74.56
2013-07-06,70.28
2013-07-05,68.43
2013-07-04,80.53
2013-07-03,77.53
2013-07-02,90.13
2013-07-01,88.05
2013-06-30,96.61
2013-06-29,94.99
2013-06-28,94.65
2013-06-27,101.44
2013-06-26,104.0
2013-06-25,103.95
2013-06-24,102.74
2013-06-23,107.6
2013-06-22,108.3
2013-06-21,109.5
2013-06-20,110.15
2013-06-19,108.25
2013-06-18,107.4
2013-06-17,101.7
2013-06-16,99.51
2013-06-15,99.99
2013-06-14,99.98
2013-06-13,104.0
2013-06-12,108.15
2013-06-11,108.9
2013-06-10,106.35
2013-06-09,100.0
2013-06-08,108.3
2013-06-07,111.5
2013-06-06,118.0
2013-06-05,121.65
2013-06-04,121.42
2013-06-03,122.22
2013-06-02,122.29
2013-06-01,129.3
2013-05-31,129.0
2013-05-30,128.8
2013-05-29,132.3
2013-05-28,129.0
2013-05-27,129.75
2013-05-26,133.48
2013-05-25,131.98
2013-05-24,133.2
2013-05-23,126.7
2013-05-22,123.89
2013-05-21,122.88
2013-05-20,122.0
2013-05-19,121.99
2013-05-18,123.5
2013-05-17,123.02
2013-05-16,118.76
2013-05-15,114.22
2013-05-14,111.5
2013-05-13,117.98
2013-05-12,115.0
2013-05-11,115.24
2013-05-10,117.2
2013-05-09,112.67
2013-05-08,113.57
2013-05-07,111.5
2013-05-06,112.3
2013-05-05,115.91
2013-05-04,112.5
2013-05-03,97.75
2013-05-02,105.21
2013-05-01,116.99
2013-04-30,139.0
2013-04-29,144.54
2013-04-28,134.21
2013-04-27,128.0
2013-04-26,136.9
2013-04-25,141.71
2013-04-24,154.2
2013-04-23,143.47
2013-04-22,127.4
2013-04-21,119.2
2013-04-20,126.62
2013-04-19,118.48
2013-04-18,109.01
2013-04-17,93.07
2013-04-16,68.36
2013-04-15,82.39
2013-04-14,90.0
2013-04-13,93.0
2013-04-12,117.0
2013-04-11,124.9
2013-04-10,165.0
2013-04-09,230.0
2013-04-08,187.5
2013-04-07,162.3
2013-04-06,142.63
2013-04-05,142.32
2013-04-04,132.12
2013-04-03,135.0
2013-04-02,117.98
2013-04-01,104.0
2013-03-31,93.03
2013-03-30,92.19
2013-03-29,90.5
2013-03-28,86.18
2013-03-27,88.92
2013-03-26,78.5
2013-03-25,73.6
2013-03-24,71.5
2013-03-23,64.35
2013-03-22,69.86
2013-03-21,70.85
2013-03-20,64.49
2013-03-19,59.14
2013-03-18,51.6
2013-03-17,47.4
2013-03-16,47.0
2013-03-15,46.95
2013-03-14,47.17
2013-03-13,46.92
2013-03-12,44.29
2013-03-11,48.4
2013-03-10,46.0
2013-03-09,46.85
2013-03-08,44.18
2013-03-07,42.0
2013-03-06,41.02
2013-03-05,40.33
2013-03-04,36.15
2013-03-03,34.5
2013-03-02,34.25
2013-03-01,34.5
2013-02-28,33.38
2013-02-27,30.9
2013-02-26,31.1
2013-02-25,30.4
2013-02-24,29.89
2013-02-23,29.8
2013-02-22,30.25
2013-02-21,29.75
2013-02-20,29.64
2013-02-19,29.42
2013-02-18,26.95
2013-02-17,26.81
2013-02-16,27.22
2013-02-15,27.1
2013-02-14,27.22
2013-02-13,24.2
2013-02-12,25.17
2013-02-11,24.65
2013-02-10,23.97
2013-02-09,23.65
2013-02-08,22.66
2013-02-07,22.15
2013-02-06,21.18
2013-02-05,20.6
2013-02-04,20.43
2013-02-03,20.59
2013-02-02,19.63
2013-02-01,20.5
2013-01-31,20.41
2013-01-30,19.7
2013-01-29,19.53
2013-01-28,18.72
2013-01-27,17.82
2013-01-26,17.88
2013-01-25,17.4
2013-01-24,16.9
2013-01-23,17.5
2013-01-22,17.26
2013-01-21,16.8
2013-01-20,15.7
2013-01-19,15.62
2013-01-18,15.71
2013-01-17,15.5
2013-01-16,14.73
2013-01-15,14.25
2013-01-14,14.3
2013-01-13,14.12
2013-01-12,14.24
2013-01-11,14.14
2013-01-10,14.14
2013-01-09,13.77
2013-01-08,13.74
2013-01-07,13.59
2013-01-06,13.45
2013-01-05,13.44
2013-01-04,13.5
2013-01-03,13.4
2013-01-02,13.28
2013-01-01,13.3
2012-12-31,13.51
2012-12-30,13.45
2012-12-29,13.4
2012-12-28,13.42
2012-12-27,13.42
2012-12-26,13.47
2012-12-25,13.35
2012-12-24,13.38
2012-12-23,13.31
2012-12-22,13.37
2012-12-21,13.5
2012-12-20,13.52
2012-12-19,13.6
2012-12-18,13.3
2012-12-17,13.25
2012-12-16,13.3
2012-12-15,13.49
2012-12-14,13.6
2012-12-13,13.7
2012-12-12,13.7
2012-12-11,13.56
2012-12-10,13.43
2012-12-09,13.39
2012-12-08,13.42
2012-12-07,13.5
2012-12-06,13.3
2012-12-05,13.38
2012-12-04,13.41
2012-12-03,12.68
2012-12-02,12.5
2012-12-01,12.56
2012-11-30,12.56
2012-11-29,12.45
2012-11-28,12.35
2012-11-27,12.2
2012-11-26,12.25
2012-11-25,12.48
2012-11-24,12.41
2012-11-23,12.35
2012-11-22,12.42
2012-11-21,11.77
2012-11-20,11.73
2012-11-19,11.8
2012-11-18,11.65
2012-11-17,11.79
2012-11-16,11.75
2012-11-15,11.2
2012-11-14,10.95
2012-11-13,10.95
2012-11-12,11.01
2012-11-11,10.87
2012-11-10,10.89
2012-11-09,10.81
2012-11-08,10.93
2012-11-07,10.92
2012-11-06,10.9
2012-11-05,10.75
2012-11-04,10.8
2012-11-03,10.64
2012-11-02,10.47
2012-11-01,10.57
2012-10-31,11.2
2012-10-30,10.89
2012-10-29,10.6
2012-10-28,10.7
2012-10-27,10.26
2012-10-26,10.17
2012-10-25,10.86
2012-10-24,11.65
2012-10-23,11.65
2012-10-22,11.71
2012-10-21,11.63
2012-10-20,11.74
2012-10-19,11.74
2012-10-18,11.94
2012-10-17,11.81
2012-10-16,11.85
2012-10-15,11.84
2012-10-14,11.74
2012-10-13,11.86
2012-10-12,12.0
2012-10-11,12.03
2012-10-10,12.12
2012-10-09,11.89
2012-10-08,11.78
2012-10-07,11.8
2012-10-06,12.51
2012-10-05,12.69
2012-10-04,12.85
2012-10-03,12.89
2012-10-02,12.84
2012-10-01,12.4
2012-09-30,12.4
2012-09-29,12.36
2012-09-28,12.39
2012-09-27,12.31
2012-09-26,12.27
2012-09-25,12.2
2012-09-24,12.1
2012-09-23,12.19
2012-09-22,12.24
2012-09-21,12.37
2012-09-20,12.28
2012-09-19,12.57
2012-09-18,12.25
2012-09-17,11.89
2012-09-16,11.87
2012-09-15,11.75
2012-09-14,11.67
2012-09-13,11.4
2012-09-12,11.36
2012-09-11,11.33
2012-09-10,11.17
2012-09-09,11.02
2012-09-08,11.04
2012-09-07,11.0
2012-09-06,11.18
2012-09-05,11.0
2012-09-04,10.38
2012-09-03,10.53
2012-09-02,10.2
2012-09-01,9.97
2012-08-31,10.16
2012-08-30,10.78
2012-08-29,10.92
2012-08-28,10.94
2012-08-27,10.95
2012-08-26,10.61
2012-08-25,10.52
2012-08-24,10.6
2012-08-23,10.1
2012-08-22,9.81
2012-08-21,9.91
2012-08-20,10.1
2012-08-19,8.0
2012-08-18,11.61
2012-08-17,11.58
2012-08-16,13.5
2012-08-15,13.25
2012-08-14,12.19
2012-08-13,12.04
2012-08-12,11.62
2012-08-11,11.51
2012-08-10,11.39
2012-08-09,11.06
2012-08-08,11.06
2012-08-07,11.1
2012-08-06,10.86
2012-08-05,10.87
2012-08-04,10.98
2012-08-03,10.97
2012-08-02,10.53
2012-08-01,9.55
2012-07-31,9.35
2012-07-30,9.1
2012-07-29,8.71
2012-07-28,8.89
2012-07-27,8.9
2012-07-26,8.9
2012-07-25,8.8
2012-07-24,8.6
2012-07-23,8.45
2012-07-22,8.41
2012-07-21,8.85
2012-07-20,8.52
2012-07-19,8.87
2012-07-18,9.11
2012-07-17,8.8
2012-07-16,8.5
2012-07-15,7.62
2012-07-14,7.54
2012-07-13,7.67
2012-07-12,7.76
2012-07-11,7.15
2012-07-10,7.2
2012-07-09,7.02
2012-07-08,6.8
2012-07-07,6.76
2012-07-06,6.65
2012-07-05,6.67
2012-07-04,6.51
2012-07-03,6.45
2012-07-02,6.76
2012-07-01,6.63
2012-06-30,6.69
2012-06-29,6.65
2012-06-28,6.61
2012-06-27,6.65
2012-06-26,6.42
2012-06-25,6.3
2012-06-24,6.35
2012-06-23,6.43
2012-06-22,6.55
2012-06-21,6.68
2012-06-20,6.67
2012-06-19,6.5
2012-06-18,6.31
2012-06-17,6.16
2012-06-16,6.4
2012-06-15,6.5
2012-06-14,5.95
2012-06-13,5.93
2012-06-12,5.7
2012-06-11,5.57
2012-06-10,5.47
2012-06-09,5.56
2012-06-08,5.63
2012-06-07,5.59
2012-06-06,5.46
2012-06-05,5.44
2012-06-04,5.27
2012-06-03,5.21
2012-06-02,5.25
2012-06-01,5.27
2012-05-31,5.18
2012-05-30,5.13
2012-05-29,5.15
2012-05-28,5.14
2012-05-27,5.14
2012-05-26,5.1
2012-05-25,5.15
2012-05-24,5.12
2012-05-23,5.14
2012-05-22,5.1
2012-05-21,5.1
2012-05-20,5.09
2012-05-19,5.1
2012-05-18,5.12
2012-05-17,5.1
2012-05-16,5.09
2012-05-15,5.04
2012-05-14,5.01
2012-05-13,4.93
2012-05-12,4.95
2012-05-11,4.96
2012-05-10,4.85
2012-05-09,5.04
2012-05-08,5.05
2012-05-07,5.06
2012-05-06,5.05
2012-05-05,5.08
2012-05-04,5.07
2012-05-03,5.13
2012-05-02,5.07
2012-05-01,5.0
2012-04-30,4.95
2012-04-29,4.9
2012-04-28,4.98
2012-04-27,5.11
2012-04-26,5.1
2012-04-25,5.13
2012-04-24,5.1
2012-04-23,4.96
2012-04-22,5.2
2012-04-21,5.26
2012-04-20,5.35
2012-04-19,5.14
2012-04-18,5.12
2012-04-17,4.98
2012-04-16,4.93
2012-04-15,4.97
2012-04-14,4.96
2012-04-13,4.94
2012-04-12,4.92
2012-04-11,4.93
2012-04-10,4.84
2012-04-09,4.87
2012-04-08,4.79
2012-04-07,4.69
2012-04-06,4.95
2012-04-05,4.92
2012-04-04,4.91
2012-04-03,4.95
2012-04-02,4.97
2012-04-01,4.83
2012-03-31,4.91
2012-03-30,4.86
2012-03-29,4.81
2012-03-28,4.79
2012-03-27,4.81
2012-03-26,4.62
2012-03-25,4.55
2012-03-24,4.68
2012-03-23,4.69
2012-03-22,4.7
2012-03-21,4.81
2012-03-20,4.84
2012-03-19,4.69
2012-03-18,5.28
2012-03-17,5.22
2012-03-16,5.34
2012-03-15,5.33
2012-03-14,5.38
2012-03-13,5.27
2012-03-12,4.89
2012-03-11,4.91
2012-03-10,4.83
2012-03-09,4.86
2012-03-08,4.93
2012-03-07,4.94
2012-03-06,4.99
2012-03-05,4.98
2012-03-04,4.82
2012-03-03,4.61
2012-03-02,4.71
2012-03-01,4.92
2012-02-29,4.86
2012-02-28,4.87
2012-02-27,4.96
2012-02-26,4.92
2012-02-25,4.77
2012-02-24,5.03
2012-02-23,5.01
2012-02-22,4.42
2012-02-21,4.27
2012-02-20,4.36
2012-02-19,4.39
2012-02-18,4.22
2012-02-17,4.41
2012-02-16,4.27
2012-02-15,4.33
2012-02-14,4.46
2012-02-13,5.26
2012-02-12,5.51
2012-02-11,5.6
2012-02-10,5.91
2012-02-09,5.83
2012-02-08,5.6
2012-02-07,5.69
2012-02-06,5.45
2012-02-05,5.69
2012-02-04,5.87
2012-02-03,5.96
2012-02-02,6.1
2012-02-01,6.08
2012-01-31,5.48
2012-01-30,5.49
2012-01-29,5.38
2012-01-28,5.63
2012-01-27,5.29
2012-01-26,5.34
2012-01-25,5.75
2012-01-24,6.29
2012-01-23,6.36
2012-01-22,6.31
2012-01-21,6.18
2012-01-20,6.49
2012-01-19,6.36
2012-01-18,5.92
2012-01-17,5.6
2012-01-16,6.68
2012-01-15,7.0
2012-01-14,6.75
2012-01-13,6.41
2012-01-12,6.8
2012-01-11,6.9
2012-01-10,6.36
2012-01-09,6.33
2012-01-08,7.11
2012-01-07,6.81
2012-01-06,6.7
2012-01-05,6.95
2012-01-04,5.57
2012-01-03,4.88
2012-01-02,5.22
2012-01-01,5.27
2011-12-31,4.72
2011-12-30,4.25
2011-12-29,4.17
2011-12-28,4.19
2011-12-27,4.07
2011-12-26,4.02
2011-12-25,4.22
2011-12-24,3.94
2011-12-23,3.95
2011-12-22,3.89
2011-12-21,3.89
2011-12-20,3.95
2011-12-19,3.52
2011-12-18,3.19
2011-12-17,3.2
2011-12-16,3.2
2011-12-15,3.2
2011-12-14,3.15
2011-12-13,3.25
2011-12-12,3.13
2011-12-11,3.25
2011-12-10,3.05
2011-12-09,2.97
2011-12-08,2.98
2011-12-07,2.99
2011-12-06,3.03
2011-12-05,2.88
2011-12-04,2.83
2011-12-03,2.79
2011-12-02,3.12
2011-12-01,3.06
2011-11-30,2.97
2011-11-29,2.75
2011-11-28,2.55
2011-11-27,2.48
2011-11-26,2.47
2011-11-25,2.51
2011-11-24,2.43
2011-11-23,2.33
2011-11-22,2.33
2011-11-21,2.29
2011-11-20,2.2
2011-11-19,2.2
2011-11-18,2.05
2011-11-17,2.25
2011-11-16,2.56
2011-11-15,2.33
2011-11-14,2.22
2011-11-13,3.0
2011-11-12,3.03
2011-11-11,3.08
2011-11-10,2.84
2011-11-09,2.95
2011-11-08,3.04
2011-11-07,3.01
2011-11-06,2.96
2011-11-05,2.97
2011-11-04,3.11
2011-11-03,3.15
2011-11-02,3.25
2011-11-01,3.15
2011-10-31,3.25
2011-10-30,3.27
2011-10-29,3.58
2011-10-28,3.19
2011-10-27,3.04
2011-10-26,2.77
2011-10-25,2.77
2011-10-24,2.54
2011-10-23,3.17
2011-10-22,3.16
2011-10-21,2.57
2011-10-20,2.35
2011-10-19,2.27
2011-10-18,2.42
2011-10-17,2.56
2011-10-16,3.56
2011-10-15,3.84
2011-10-14,3.99
2011-10-13,4.05
2011-10-12,4.15
2011-10-11,3.93
2011-10-10,4.1
2011-10-09,4.1
2011-10-08,4.01
2011-10-07,4.27
2011-10-06,4.73
2011-10-05,4.87
2011-10-04,4.96
2011-10-03,5.02
2011-10-02,5.03
2011-10-01,5.03
2011-09-30,5.14
2011-09-29,4.78
2011-09-28,4.77
2011-09-27,4.92
2011-09-26,4.87
2011-09-25,5.33
2011-09-24,5.47
2011-09-23,5.55
2011-09-22,5.43
2011-09-21,5.61
2011-09-20,6.11
2011-09-19,5.46
2011-09-18,5.2
2011-09-17,4.77
2011-09-16,4.82
2011-09-15,4.84
2011-09-14,5.62
2011-09-13,5.8
2011-09-12,6.08
2011-09-11,5.86
2011-09-10,4.77
2011-09-09,5.03
2011-09-08,6.53
2011-09-07,7.19
2011-09-06,6.86
2011-09-05,7.61
2011-09-04,8.18
2011-09-03,8.48
2011-09-02,8.64
2011-09-01,8.21
2011-08-31,8.2
2011-08-30,8.79
2011-08-29,8.97
2011-08-28,9.07
2011-08-27,8.59
2011-08-26,8.18
2011-08-25,9.66
2011-08-24,10.85
2011-08-23,10.94
2011-08-22,10.89
2011-08-21,11.31
2011-08-20,11.45
2011-08-19,11.65
2011-08-18,10.83
2011-08-17,10.95
2011-08-16,10.96
2011-08-15,11.15
2011-08-14,10.8
2011-08-13,10.13
2011-08-12,9.46
2011-08-11,9.46
2011-08-10,9.98
2011-08-09,9.99
2011-08-08,7.8
2011-08-07,7.9
2011-08-06,6.55
2011-08-05,9.8
2011-08-04,10.75
2011-08-03,9.26
2011-08-02,12.05
2011-08-01,13.09
2011-07-31,13.35
2011-07-30,13.53
2011-07-29,13.5
2011-07-28,13.49
2011-07-27,13.94
2011-07-26,13.88
2011-07-25,14.05
2011-07-24,13.98
2011-07-23,13.68
2011-07-22,13.7
2011-07-21,13.61
2011-07-20,13.69
2011-07-19,13.85
2011-07-18,13.48
2011-07-17,13.16
2011-07-16,13.72
2011-07-15,13.81
2011-07-14,13.99
2011-07-13,13.95
2011-07-12,14.01
2011-07-11,14.21
2011-07-10,14.9
2011-07-09,14.38
2011-07-08,14.31
2011-07-07,14.78
2011-07-06,14.78
2011-07-05,12.91
2011-07-04,13.86
2011-07-03,15.44
2011-07-02,15.4
2011-07-01,15.4
2011-06-30,16.1
2011-06-29,16.84
2011-06-28,16.95
2011-06-27,16.75
2011-06-26,16.45
2011-06-25,17.51
2011-06-24,17.51
2011-06-23,17.51
2011-06-22,17.51
2011-06-21,17.51
2011-06-20,17.51
2011-06-19,17.51
2011-06-18,16.89
2011-06-17,15.68
2011-06-16,17.0
2011-06-15,19.49
2011-06-14,19.28
2011-06-13,19.84
2011-06-12,18.55
2011-06-11,14.65
2011-06-10,23.95
2011-06-09,28.92
2011-06-08,29.6
2011-06-07,23.92
2011-06-06,18.55
2011-06-05,16.7
2011-06-04,18.89
2011-06-03,14.29
2011-06-02,10.6
2011-06-01,9.57
2011-05-31,8.74
2011-05-30,8.8
2011-05-29,8.43
2011-05-28,8.3
2011-05-27,8.5
2011-05-26,8.8
2011-05-25,8.4
2011-05-24,7.42
2011-05-23,7.15
2011-05-22,6.69
2011-05-21,6.12
2011-05-20,5.59
2011-05-19,6.8
2011-05-18,6.88
2011-05-17,7.19
2011-05-16,8.03
2011-05-15,6.99
2011-05-14,7.2
2011-05-13,8.2
2011-05-12,6.3
2011-05-11,5.5
2011-05-10,5.81
2011-05-09,3.8
2011-05-08,3.87
2011-05-07,3.64
2011-05-06,3.45
2011-05-05,3.33
2011-05-04,3.41
2011-05-03,3.41
2011-05-02,3.2
2011-05-01,3.03
2011-04-30,3.5
2011-04-29,2.88
2011-04-28,2.21
2011-04-27,1.9
2011-04-26,1.79
2011-04-25,1.56
2011-04-24,1.63
2011-04-23,1.7
2011-04-22,1.41
2011-04-21,1.21
2011-04-20,1.14
2011-04-19,1.2
2011-04-18,1.16
2011-04-17,1.11
2011-04-16,1.05
2011-04-15,0.99
2011-04-14,1.0
2011-04-13,0.92
2011-04-12,0.86
2011-04-11,0.77
2011-04-10,0.74
2011-04-09,0.73
2011-04-08,0.75
2011-04-07,0.75
2011-04-06,0.74
2011-04-05,0.71
2011-04-04,0.68
2011-04-03,0.78
2011-04-02,0.78
2011-04-01,0.77
2011-03-31,0.78
2011-03-30,0.79
2011-03-29,0.79
2011-03-28,0.8
2011-03-27,0.82
2011-03-26,0.86
2011-03-25,0.88
2011-03-24,0.87
2011-03-23,0.85
2011-03-22,0.81
2011-03-21,0.76
2011-03-20,0.74
2011-03-19,0.77
2011-03-18,0.82
2011-03-17,0.83
2011-03-16,0.86
2011-03-15,0.87
2011-03-14,0.89
2011-03-13,0.89
2011-03-12,0.92
2011-03-11,0.88
2011-03-10,0.93
2011-03-09,0.86
2011-03-08,0.87
2011-03-07,0.89
2011-03-06,0.9
2011-03-05,0.91
2011-03-04,0.9
2011-03-03,0.94
2011-03-02,0.94
2011-03-01,0.92
2011-02-28,0.86
2011-02-27,0.89
2011-02-26,0.96
2011-02-25,0.91
2011-02-24,1.0
2011-02-23,0.9
2011-02-22,0.87
2011-02-21,0.83
2011-02-20,0.85
2011-02-19,0.95
2011-02-18,0.9
2011-02-17,1.04
2011-02-16,1.04
2011-02-15,1.05
2011-02-14,1.07
2011-02-13,1.05
2011-02-12,1.08
2011-02-11,1.07
2011-02-10,0.98
2011-02-09,1.09
2011-02-08,0.92
2011-02-07,0.89
2011-02-06,0.9
2011-02-05,0.92
2011-02-04,0.81
2011-02-03,0.69
2011-02-02,0.72
2011-02-01,0.7
2011-01-31,0.52
2011-01-30,0.48
2011-01-29,0.44
2011-01-28,0.45
2011-01-27,0.42
2011-01-26,0.42
2011-01-25,0.41
2011-01-24,0.42
2011-01-23,0.44
2011-01-22,0.44
2011-01-21,0.42
2011-01-20,0.39
2011-01-19,0.31
2011-01-18,0.31
2011-01-17,0.35
2011-01-16,0.39
2011-01-15,0.39
2011-01-14,0.4
2011-01-13,0.32
2011-01-12,0.32
2011-01-11,0.33
2011-01-10,0.33
2011-01-09,0.32
2011-01-08,0.32
2011-01-07,0.32
2011-01-06,0.3
2011-01-05,0.3
2011-01-04,0.3
2011-01-03,0.29
2011-01-02,0.3
2011-01-01,0.3
2010-12-31,0.3
2010-12-30,0.3
2010-12-29,0.3
2010-12-28,0.28
2010-12-27,0.27
2010-12-26,0.27
2010-12-25,0.25
2010-12-24,0.25
2010-12-23,0.25
2010-12-22,0.25
2010-12-21,0.24
2010-12-20,0.27
2010-12-19,0.24
2010-12-18,0.24
2010-12-17,0.24
2010-12-16,0.25
2010-12-15,0.24
2010-12-14,0.25
2010-12-13,0.23
2010-12-12,0.22
2010-12-11,0.23
2010-12-10,0.2
2010-12-09,0.2
2010-12-08,0.24
2010-12-07,0.23
2010-12-06,0.2
2010-12-05,0.19
2010-12-04,0.2
2010-12-03,0.25
2010-12-02,0.26
2010-12-01,0.23
2010-11-30,0.21
2010-11-29,0.23
2010-11-28,0.27
2010-11-27,0.28
2010-11-26,0.28
2010-11-25,0.28
2010-11-24,0.28
2010-11-23,0.28
2010-11-22,0.29
2010-11-21,0.28
2010-11-20,0.28
2010-11-19,0.28
2010-11-18,0.27
2010-11-17,0.23
2010-11-16,0.22
2010-11-15,0.27
2010-11-14,0.28
2010-11-13,0.28
2010-11-12,0.27
2010-11-11,0.22
2010-11-10,0.24
2010-11-09,0.21
2010-11-08,0.24
2010-11-07,0.34
2010-11-06,0.39
2010-11-05,0.26
2010-11-04,0.23
2010-11-03,0.19
2010-11-02,0.19
2010-11-01,0.2
2010-10-31,0.19
2010-10-30,0.2
2010-10-29,0.19
2010-10-28,0.17
2010-10-27,0.19
2010-10-26,0.15
2010-10-25,0.13
2010-10-24,0.12
2010-10-23,0.11
2010-10-22,0.1
2010-10-21,0.11
2010-10-20,0.1
2010-10-19,0.1
2010-10-18,0.1
2010-10-17,0.1
2010-10-16,0.1
2010-10-15,0.1
2010-10-14,0.1
2010-10-13,0.1
2010-10-12,0.09
2010-10-11,0.1
2010-10-10,0.1
2010-10-09,0.09
2010-10-08,0.09
2010-10-07,0.07
2010-10-06,0.06
2010-10-05,0.06
2010-10-04,0.06
2010-10-03,0.06
2010-10-02,0.06
2010-10-01,0.06
2010-09-30,0.06
2010-09-29,0.06
2010-09-28,0.06
2010-09-27,0.06
2010-09-26,0.06
2010-09-25,0.06
2010-09-24,0.06
2010-09-23,0.06
2010-09-22,0.06
2010-09-21,0.06
2010-09-20,0.06
2010-09-19,0.06
2010-09-18,0.06
2010-09-17,0.06
2010-09-16,0.06
2010-09-15,0.06
2010-09-14,0.06
2010-09-13,0.06
2010-09-12,0.06
2010-09-11,0.06
2010-09-10,0.06
2010-09-09,0.06
2010-09-08,0.06
2010-09-07,0.06
2010-09-06,0.06
2010-09-05,0.06
2010-09-04,0.06
2010-09-03,0.06
2010-09-02,0.06
2010-09-01,0.06
2010-08-31,0.06
2010-08-30,0.07
2010-08-29,0.06
2010-08-28,0.06
2010-08-27,0.07
2010-08-26,0.06
2010-08-25,0.06
2010-08-24,0.07
2010-08-23,0.06
2010-08-22,0.07
2010-08-21,0.07
2010-08-20,0.07
2010-08-19,0.07
2010-08-18,0.07
2010-08-17,0.07
2010-08-16,0.07
2010-08-15,0.07
2010-08-14,0.07
2010-08-13,0.06
2010-08-12,0.07
2010-08-11,0.07
2010-08-10,0.07
2010-08-09,0.07
2010-08-08,0.06
2010-08-07,0.06
2010-08-06,0.06
2010-08-05,0.06
2010-08-04,0.06
2010-08-03,0.06
2010-08-02,0.06
2010-08-01,0.06
2010-07-31,0.07
2010-07-30,0.06
2010-07-29,0.07
2010-07-28,0.06
2010-07-27,0.06
2010-07-26,0.06
2010-07-25,0.05
2010-07-24,0.05
2010-07-23,0.06
2010-07-22,0.05
2010-07-21,0.08
2010-07-20,0.07
2010-07-19,0.08
2010-07-18,0.09
2010-07-17,0.05
